,id,address,area,bedrooms,bike_score,transit_score,walk_score,datetime,distance_to_nearest_intersection,has_image,has_map,name,price,side_of_street,url,longitude,latitude,includes_area,advertises_no_fee,is_repost,postal_code,neighborhood,borough
0,21082,3950 Sedgwick Ave,1100.0,3.0,85.0,100.0,85.0,2019-06-21 14:48:00+00:00,13.6759,True,True,* Three (3) Bedroom Two (2) Bath PVT House On Saxon Ave,2600,R,https://newyork.craigslist.org/brx/abo/d/bronx-three-3-bedroom-two-2-bath-pvt/6917229984.html,40.8825,-73.8904,True,False,True,10463,Kingsbridge and Riverdale,Bronx
1,21125,1030 Castle Hill Ave,1000.0,2.0,76.0,85.0,93.0,2019-06-21 15:52:00+00:00,11.8881,True,True,Beautiful Large 2br w/ washer/dryer and dishwasher inside Apt,1850,R,https://newyork.craigslist.org/brx/abo/d/bronx-beautiful-large-2br-washer-dryer/6915193239.html,40.8285,-73.8502,True,False,True,10472,Southeast Bronx,Bronx
6,21263,Henry Hudson Pkwy S,900.0,2.0,37.0,68.0,63.0,2019-06-21 18:30:00+00:00,NaN,True,True,Lovely Spacious 2-bedroom in Fieldston/Riverdale,2300,R,https://newyork.craigslist.org/brx/abo/d/bronx-lovely-spacious-2-bedroom-in/6907545181.html,40.9011,-73.9053,True,False,True,10471,Kingsbridge and Riverdale,Bronx
8,21300,1814 Paulding Ave,960.0,2.0,75.0,86.0,93.0,2019-06-21 19:10:00+00:00,210.4717,True,True,"2.5 bedrooms, 1bath apt, near Einstein Montefiore /Jacobi hospital",2000,R,https://newyork.craigslist.org/brx/abo/d/bronx-25-bedrooms-1bath-apt-near/6917438468.html,40.8490,-73.8558,True,False,True,10462,Southeast Bronx,Bronx
9,21371,94 Fordham St,700.0,1.0,56.0,37.0,61.0,2019-06-21 20:53:00+00:00,111.6740,True,True,1 BEDROOM APT,1600,R,https://newyork.craigslist.org/brx/abo/d/bronx-1-bedroom-apt/6915434905.html,40.8469,-73.7874,True,False,True,10464,Southeast Bronx,Bronx
10,21379,Henry Hudson Pkwy S,1000.0,2.0,37.0,68.0,63.0,2019-06-21 20:45:00+00:00,NaN,True,True,BEAUTIFULLY RENOVATED SUNNY & SPACIOUS 2 BEDROOM NEAR TRAIN & PARK,2245,R,https://newyork.craigslist.org/brx/abo/d/bronx-beautifully-renovated-sunny/6898848153.html,40.9011,-73.9053,True,False,True,10471,Kingsbridge and Riverdale,Bronx
11,21384,3095 Kingsbridge Ave,900.0,2.0,68.0,92.0,98.0,2019-06-21 20:39:00+00:00,11.5590,True,True,"Bright 2 bedroom, 1 bath for Rent",1700,L,https://newyork.craigslist.org/brx/abo/d/bronx-bright-2-bedroom-1-bath-for-rent/6917565598.html,40.8798,-73.9067,True,False,True,10463,Kingsbridge and Riverdale,Bronx
15,21556,242 E 236th St,900.0,2.0,62.0,79.0,79.0,2019-06-22 00:10:00+00:00,187.1507,True,True,WOODLAWN- BROWNSTONE BUILDING-HEART OF WOODLAWN,1750,R,https://newyork.craigslist.org/brx/abo/d/bronx-woodlawn-brownstone-building/6903008137.html,40.8979,-73.8690,True,False,True,10470,Northeast Bronx,Bronx
16,21557,559 E 234th St,800.0,1.0,56.0,87.0,83.0,2019-06-22 00:10:00+00:00,31.8128,True,True,WOODLAWN- ELEVATOR BUILDING -STAINLESS APPLIANCES,1700,L,https://newyork.craigslist.org/brx/abo/d/woodlawn-elevator-building-stainless/6905346134.html,40.8974,-73.8629,True,False,True,10470,Northeast Bronx,Bronx
17,21559,579 E 234th St,950.0,1.0,56.0,87.0,83.0,2019-06-22 00:08:00+00:00,0.0000,True,True,WOODLAWN- ELEVATOR BUILDING- 20 MINUTS TO GRAND CENTRAL STATION!!!,1600,L,https://newyork.craigslist.org/brx/abo/d/bronx-woodlawn-elevator-building-20/6914018682.html,40.8974,-73.8626,True,False,True,10470,Northeast Bronx,Bronx
22,21706,2627 Webster Ave,1200.0,2.0,63.0,,98.0,2019-06-22 03:44:00+00:00,28.9101,False,True,2 Bdrm 2 Bath,2000,L,https://newyork.craigslist.org/brx/abo/d/bronx-2-bdrm-2-bath/6917703118.html,40.8633,-73.8895,True,False,True,10458,Bronx Park and Fordham,Bronx
38,22105,1208 Webster Ave,750.0,1.0,81.0,96.0,94.0,2019-06-23 14:32:00+00:00,82.6130,True,True,"Great, Updated, 1 Bedroom Apartment",750,L,https://newyork.craigslist.org/brx/abo/d/bronx-great-updated-1-bedroom-apartment/6918606274.html,40.8316,-73.9099,True,False,True,10456,High Bridge and Morrisania,Bronx
61,22954,Laurel Dr,950.0,1.0,67.0,95.0,93.0,2019-06-23 20:49:00+00:00,52.1027,True,True,Super Amazing 1 bedroom apt for rent,750,R,https://newyork.craigslist.org/brx/abo/d/super-amazing-1-bedroom-apt-for-rent/6918850766.html,40.8407,-73.8621,True,False,True,10462,Southeast Bronx,Bronx
63,22981,836A E 223rd St,1000.0,2.0,86.0,87.0,89.0,2019-06-23 22:26:00+00:00,141.8829,False,True,Brand new Massive 2 Bedroom Apt!!!,2000,R,https://newyork.craigslist.org/brx/abo/d/bronx-brand-new-massive-2-bedroom-apt/6918912301.html,40.8850,-73.8571,True,False,True,10466,Northeast Bronx,Bronx
64,23234,2419 Morris Ave,950.0,1.0,76.0,100.0,98.0,2019-06-24 02:01:00+00:00,150.6615,True,True,AMAZING  APARTMENT WITH ELEVATOR & LAUNDRY,850,L,https://newyork.craigslist.org/brx/nfb/d/bronx-amazing-apartment-with-elevator/6919003602.html,40.8612,-73.9001,True,False,True,10468,Bronx Park and Fordham,Bronx
72,23352,1610 Matthews Ave,795.0,1.0,68.0,,81.0,2019-06-24 08:30:00+00:00,0.0000,True,True,Sunny 1 bedroom large- 800SF,1550,R,https://newyork.craigslist.org/brx/abo/d/bronx-sunny-1-bedroom-large-800sf/6910223251.html,40.8434,-73.8602,True,False,True,10462,Southeast Bronx,Bronx
73,23353,3625 Kingsbridge Ave,785.0,1.0,78.0,,96.0,2019-06-24 08:30:00+00:00,109.5957,True,True,Lovely 1 bedroom for rent Elevator/Laundry - Parking!,1575,L,https://newyork.craigslist.org/brx/abo/d/bronx-lovely-1-bedroom-for-rent/6910225498.html,40.8846,-73.9021,True,False,True,10463,Kingsbridge and Riverdale,Bronx
77,23393,340 E 139th St,925.0,2.0,88.0,,98.0,2019-06-24 09:38:00+00:00,64.3652,True,True,Amazing 2 Bedroom 1 Bath in Heart of Mott Haven,2300,R,https://newyork.craigslist.org/brx/abo/d/bronx-amazing-2-bedroom-1-bath-in-heart/6916383861.html,40.8103,-73.9243,True,False,True,10454,Hunts Point and Mott Haven,Bronx
79,23465,Bronx and Pelham Pkwy,1000.0,1.0,79.0,,84.0,2019-06-24 09:23:00+00:00,45.6848,True,True,Modern 1BR w/Laundry Elevator Parking near Jacobi & Einstein Hospitals,1749,R,https://newyork.craigslist.org/brx/fee/d/bronx-modern-1br-laundry-elevator/6919097267.html,40.8574,-73.8444,True,False,True,10461,Southeast Bronx,Bronx
82,23499,810 E 165th St,850.0,3.0,68.0,,95.0,2019-06-24 10:44:00+00:00,19.8176,True,True,Completamente Renovado Apartamento de 3 dormitorios!!!,1875,R,https://newyork.craigslist.org/brx/abo/d/bronx-completamente-renovado/6917045359.html,40.8243,-73.9011,True,False,True,10459,Hunts Point and Mott Haven,Bronx
83,23507,806 E 165th St,850.0,3.0,68.0,,95.0,2019-06-24 10:42:00+00:00,0.0000,True,True,Amazing 3 Bedroom Apartment For Rent,1975,R,https://newyork.craigslist.org/brx/abo/d/bronx-amazing-3-bedroom-apartment-for/6905921776.html,40.8243,-73.9012,True,False,True,10456,High Bridge and Morrisania,Bronx
84,23508,3950 Sedgwick Ave,1100.0,3.0,85.0,,85.0,2019-06-24 10:42:00+00:00,13.6759,True,True,* *Three (3) Bedroom Two (2) Bath PVT House On Saxon Ave,2600,R,https://newyork.craigslist.org/brx/abo/d/bronx-three-3-bedroom-two-2-bath-pvt/6919079672.html,40.8825,-73.8904,True,False,True,10463,Kingsbridge and Riverdale,Bronx
86,23513,2627 Webster Ave,1150.0,3.0,63.0,,98.0,2019-06-24 10:41:00+00:00,28.9101,True,True,3 dormitorios para alquilar!!!,2150,L,https://newyork.craigslist.org/brx/abo/d/bronx-3-dormitorios-para-alquilar/6917036510.html,40.8633,-73.8895,True,False,True,10458,Bronx Park and Fordham,Bronx
88,23529,2627 Webster Ave,1150.0,3.0,63.0,,98.0,2019-06-24 10:37:00+00:00,28.9101,True,True,Tres Dormitorios Para Alquilar!!!,2150,L,https://newyork.craigslist.org/brx/abo/d/bronx-tres-dormitorios-para-alquilar/6916262527.html,40.8633,-73.8895,True,False,True,10458,Bronx Park and Fordham,Bronx
93,23585,1208 Webster Ave,850.0,3.0,81.0,,94.0,2019-06-24 10:18:00+00:00,82.6130,True,True,***Estupendo Apartamento de 3 dormitorios***,1875,L,https://newyork.craigslist.org/brx/abo/d/bronx-estupendo-apartamento-de-3/6916255734.html,40.8316,-73.9099,True,False,True,10456,High Bridge and Morrisania,Bronx
101,23648,1000 Rhinelander Ave,960.0,2.0,72.0,,92.0,2019-06-24 11:33:00+00:00,0.8473,True,True,"2.5 bedrooms, 1bath apt, near Einstein Montefiore /Jacobi hospital",2000,R,https://newyork.craigslist.org/brx/abo/d/bronx-25-bedrooms-1bath-apt-near/6919123418.html,40.8501,-73.8578,True,False,True,10462,Southeast Bronx,Bronx
102,23679,3301 Steuben Ave,500.0,1.0,82.0,,96.0,2019-06-24 11:26:00+00:00,53.4122,True,True,"1 BR - BEAUTIFUL, SPACIOUS,  WALKUP",1595,L,https://newyork.craigslist.org/brx/abo/d/bronx-1-br-beautiful-spacious-walkup/6917019874.html,40.8786,-73.8815,True,False,True,10467,Bronx Park and Fordham,Bronx
121,24294,Metropolitan Oval,724.0,1.0,65.0,,96.0,2019-06-24 17:37:00+00:00,2.5077,True,True,"LUXURY AFFORDABLE 1 BR, NEW KITCHEN , BATH",1545,R,https://newyork.craigslist.org/brx/abo/d/bronx-luxury-affordable-1-br-new/6919500657.html,40.8381,-73.8594,True,False,True,10462,Southeast Bronx,Bronx
129,24644,4051 White Plains Rd,975.0,1.0,82.0,90.0,93.0,2019-06-24 20:28:00+00:00,0.0000,False,True,Fully Renovated One Bedroom Apartment  $1450,1450,L,https://newyork.craigslist.org/brx/abo/d/bronx-fully-renovated-one-bedroom/6904861946.html,40.8899,-73.8593,True,False,True,10466,Northeast Bronx,Bronx
130,24650,2627 Webster Ave,985.0,1.0,63.0,100.0,98.0,2019-06-24 20:25:00+00:00,28.9101,False,True,Fully Renovated One Bedroom Apartment  $1600,1600,L,https://newyork.craigslist.org/brx/abo/d/bronx-fully-renovated-one-bedroom/6907803614.html,40.8633,-73.8895,True,False,True,10458,Bronx Park and Fordham,Bronx
131,24651,Purdy St,990.0,2.0,67.0,86.0,94.0,2019-06-24 20:25:00+00:00,9.2991,False,True,Beautiful Two Bedroom Apartment $1850,1850,R,https://newyork.craigslist.org/brx/abo/d/bronx-beautiful-two-bedroom-apartment/6910416214.html,40.8406,-73.8542,True,False,True,10462,Southeast Bronx,Bronx
132,24835,3051 Bronxwood Ave,975.0,3.0,82.0,91.0,92.0,2019-06-24 22:11:00+00:00,0.0000,False,True,Fully Renovated Three Bedroom Apartment  $2400,2400,L,https://newyork.craigslist.org/brx/abo/d/bronx-fully-renovated-three-bedroom/6919696899.html,40.8713,-73.8614,True,False,True,10469,Northeast Bronx,Bronx
134,24941,Webster Ave,950.0,1.0,82.0,100.0,91.0,2019-06-24 22:50:00+00:00,2.3255,False,True,Fully Renovated One Bedroom Apartment  $1400,1400,R,https://newyork.craigslist.org/brx/abo/d/bronx-fully-renovated-one-bedroom/6919709683.html,40.8786,-73.8716,True,False,True,10467,Bronx Park and Fordham,Bronx
135,24958,824 E 223rd St,1200.0,3.0,86.0,87.0,89.0,2019-06-25 00:35:00+00:00,123.1730,True,True,Brand new HUGE 3 bedroom in private house,2200,R,https://newyork.craigslist.org/brx/abo/d/bronx-brand-new-huge-3-bedroom-in/6919762446.html,40.8851,-73.8573,True,False,True,10466,Northeast Bronx,Bronx
136,25031,3447 Dekalb Ave,1100.0,3.0,81.0,100.0,97.0,2019-06-25 01:35:00+00:00,9.6954,True,True,"**GUT RENOVATED 3 BR APT. IN CLEAN, QUIET AND DESIRABLE BLDG**",2100,L,https://newyork.craigslist.org/brx/abo/d/bronx-gut-renovated-3-br-apt-in-clean/6919795151.html,40.8815,-73.8815,True,False,True,10467,Bronx Park and Fordham,Bronx
138,25058,826 E 223rd St,1000.0,2.0,86.0,87.0,89.0,2019-06-25 00:50:00+00:00,116.0601,True,True,Huge 2 Bedroom apartment in private house!!,1900,R,https://newyork.craigslist.org/brx/abo/d/bronx-huge-2-bedroom-apartment-in/6919765178.html,40.8850,-73.8575,True,False,True,10466,Northeast Bronx,Bronx
150,25214,3301 Steuben Ave,550.0,1.0,82.0,,96.0,2019-06-25 09:29:00+00:00,53.4122,True,True,1BR - CLOSE TO SUBWAY & SHOPPING - BEAUTIFUL NEIGHBORHOOD,1595,L,https://newyork.craigslist.org/brx/abo/d/bronx-1br-close-to-subway-shopping/6900623817.html,40.8785,-73.8816,True,False,True,10467,Bronx Park and Fordham,Bronx
159,25449,472 E 139th St,750.0,1.0,89.0,,96.0,2019-06-25 11:36:00+00:00,112.2614,True,True,SoBro No Fee Luxury Units 1 Month Free/No Broker Fee,2200,R,https://newyork.craigslist.org/brx/nfb/d/bronx-sobro-no-fee-luxury-units-1-month/6920024380.html,40.8085,-73.9198,True,True,True,10454,Hunts Point and Mott Haven,Bronx
174,25859,219 E 196th St,620.0,1.0,71.0,,97.0,2019-06-25 14:27:00+00:00,50.1469,True,True,"Great access to parks, schools, shopping and multiple modes",750,L,https://newyork.craigslist.org/brx/abo/d/bronx-great-access-to-parks-schools/6920131311.html,40.8676,-73.8922,True,False,True,10458,Bronx Park and Fordham,Bronx
192,26463,94 Fordham St,950.0,2.0,56.0,37.0,61.0,2019-06-25 21:44:00+00:00,111.6740,True,True,Beachfront living,2350,R,https://newyork.craigslist.org/brx/abo/d/bronx-beachfront-living/6920504700.html,40.8469,-73.7874,True,False,True,10464,Southeast Bronx,Bronx
193,26467,534 Minnieford Ave,1875.0,3.0,59.0,37.0,64.0,2019-06-25 21:43:00+00:00,46.8828,True,True,3 bed 2 bath,2900,R,https://newyork.craigslist.org/brx/abo/d/bronx-3-bed-2-bath/6915000323.html,40.8531,-73.7888,True,False,True,10464,Southeast Bronx,Bronx
194,26542,3950 Sedgwick Ave,1100.0,3.0,85.0,100.0,85.0,2019-06-25 20:53:00+00:00,13.6759,True,True,** Three (3) Bedroom Two (2) Bath PVT House On Saxon Ave,2600,R,https://newyork.craigslist.org/brx/abo/d/bronx-three-3-bedroom-two-2-bath-pvt/6920445294.html,40.8825,-73.8904,True,False,True,10463,Kingsbridge and Riverdale,Bronx
195,26583,34 W 192nd St,800.0,3.0,77.0,100.0,97.0,2019-06-25 22:21:00+00:00,35.5316,True,True,HUGE 3 BED IN GREAT AREA IN BRONX.. POSSIBLY NEG! CALL TDY WONT LAST!,2200,L,https://newyork.craigslist.org/brx/fee/d/bronx-huge-3-bed-in-great-area-in-bronx/6920541637.html,40.8662,-73.9003,True,False,True,10468,Bronx Park and Fordham,Bronx
202,26898,2627 Webster Ave,950.0,1.0,63.0,,98.0,2019-06-26 07:28:00+00:00,28.9101,True,True,located on Belmont Avenue between 189th and 188th st,800,L,https://newyork.craigslist.org/brx/nfb/d/bronx-located-on-belmont-avenue-between/6920648905.html,40.8633,-73.8895,True,False,True,10458,Bronx Park and Fordham,Bronx
203,26910,1610 Matthews Ave,785.0,1.0,68.0,,81.0,2019-06-26 08:37:00+00:00,0.0000,True,True,Large 1 bedroom new kitchen and bath.Laundry,1545,R,https://newyork.craigslist.org/brx/abo/d/bronx-large-1-bedroom-new-kitchen-and/6918319524.html,40.8434,-73.8602,True,False,True,10462,Southeast Bronx,Bronx
208,27022,3020 Bouck Ave,735.0,1.0,67.0,,91.0,2019-06-26 10:39:00+00:00,82.8749,True,True,935 E 216th St,850,R,https://newyork.craigslist.org/brx/nfb/d/bronx-th-st/6920759687.html,40.8702,-73.8495,True,False,True,10469,Northeast Bronx,Bronx
218,27251,199 W 195th St,700.0,1.0,70.0,,95.0,2019-06-26 12:27:00+00:00,0.3561,True,True,One Bedroom Condo Available Now (parking is $200 extra),1890,R,https://newyork.craigslist.org/brx/abo/d/bronx-one-bedroom-condo-available-now/6920795897.html,40.8706,-73.9027,True,False,True,10468,Bronx Park and Fordham,Bronx
225,27491,639 Logan Ave,1248.0,3.0,58.0,,85.0,2019-06-26 15:23:00+00:00,109.9545,True,True,"LARGE, sunny 3-bedroom with parking",2500,L,https://newyork.craigslist.org/brx/abo/d/bronx-large-sunny-3-bedroom-with-parking/6912184373.html,40.8261,-73.8196,True,False,True,10465,Southeast Bronx,Bronx
226,27494,3020 Bouck Ave,1000.0,3.0,67.0,,91.0,2019-06-26 15:23:00+00:00,82.8749,True,True,Large three-bedroom in Allerton,2150,R,https://newyork.craigslist.org/brx/abo/d/bronx-large-three-bedroom-in-allerton/6907240137.html,40.8702,-73.8495,True,False,True,10469,Northeast Bronx,Bronx
228,27498,200 City Island Ave,1100.0,2.0,54.0,,62.0,2019-06-26 15:22:00+00:00,27.0262,True,True,2-bedroom/2-bath in City Island,2250,R,https://newyork.craigslist.org/brx/abo/d/bronx-2-bedroom-2-bath-in-city-island/6910626682.html,40.8446,-73.7837,True,False,True,10464,Southeast Bronx,Bronx
240,28035,1449 Olmstead Ave,800.0,1.0,69.0,90.0,98.0,2019-06-26 22:16:00+00:00,37.5348,True,True,Really Large 1 bedroom available now - View Thursday 6/27,1625,L,https://newyork.craigslist.org/brx/abo/d/bronx-really-large-1-bedroom-available/6918326967.html,40.8357,-73.8552,True,False,True,10462,Southeast Bronx,Bronx
243,28134,1610 Matthews Ave,850.0,1.0,68.0,86.0,81.0,2019-06-26 23:50:00+00:00,0.0000,False,True,Morris Park Area - Beautiful 1 Br's apartment,1500,R,https://newyork.craigslist.org/brx/fee/d/bronx-morris-park-area-beautiful-1-brs/6921341020.html,40.8434,-73.8602,True,False,True,10462,Southeast Bronx,Bronx
244,28145,4401 Richardson Ave,600.0,1.0,71.0,89.0,90.0,2019-06-27 01:32:00+00:00,30.1706,False,True,One bedroomOne bedroom Richardson Ave Bronx,1250,L,https://newyork.craigslist.org/brx/abo/d/bronx-one-bedroomone-bedroom-richardson/6921337579.html,40.8991,-73.8552,True,False,True,10470,Northeast Bronx,Bronx
249,28272,522 E 236th St,950.0,1.0,49.0,,85.0,2019-06-27 08:25:00+00:00,66.0915,True,True,WOODLAWN- ELEVATOR BUILDING- 20 MINUTS TO GRAND CENTRAL STATION!!!,1600,R,https://newyork.craigslist.org/brx/abo/d/bronx-woodlawn-elevator-building-20/6921416952.html,40.8988,-73.8629,True,False,True,10470,Northeast Bronx,Bronx
257,28439,Bronx River Pkwy N,1200.0,3.0,72.0,,87.0,2019-06-27 10:16:00+00:00,NaN,True,True,"3Bedroom Apt, Office space, Huge Liv/Dining room",2500,R,https://newyork.craigslist.org/brx/abo/d/bronx-3bedroom-apt-office-space-huge/6914611268.html,40.8737,-73.8712,True,False,True,10467,Bronx Park and Fordham,Bronx
266,28513,5254 Post Rd,1500.0,3.0,46.0,,65.0,2019-06-27 11:05:00+00:00,25.1105,True,True,DUPLEX__3 FULL BATHROOMS__KING SIZE__WIC__RENOVATED,3200,R,https://newyork.craigslist.org/brx/fee/d/bronx-duplex3-full-bathroomsking/6921538567.html,40.8987,-73.8982,True,False,True,10471,Kingsbridge and Riverdale,Bronx
268,28521,681 E 183rd St,743.0,2.0,66.0,,98.0,2019-06-27 10:59:00+00:00,1.1776,True,True,NO BROKER FEES - Beautiful Spacious 2 BEDROOM and 1 BATHROOM,1800,L,https://newyork.craigslist.org/brx/nfb/d/bronx-no-broker-fees-beautiful-spacious/6921532689.html,40.8522,-73.8864,True,False,True,10458,Bronx Park and Fordham,Bronx
282,28952,534 Minnieford Ave,1275.0,3.0,59.0,,64.0,2019-06-27 17:40:00+00:00,46.8828,True,True,Renovated 3 br 2 full bath *very nice,2900,R,https://newyork.craigslist.org/brx/abo/d/bronx-renovated-3-br-2-full-bath-very/6921888086.html,40.8531,-73.7888,True,False,True,10464,Southeast Bronx,Bronx
284,28968,2618 Netherland Ave,1100.0,2.0,42.0,,84.0,2019-06-27 17:32:00+00:00,70.0939,True,True,Humongous 1 bedroom with home office/second bedroom,2175,R,https://newyork.craigslist.org/brx/fee/d/bronx-humongous-1-bedroom-with-home/6921885080.html,40.8785,-73.9162,True,False,True,10463,Kingsbridge and Riverdale,Bronx
285,28974,2618 Netherland Ave,1200.0,2.0,42.0,,84.0,2019-06-27 17:28:00+00:00,70.0939,True,True,Newly renovated - 2 bedroom - Prime Riverdale - 2350,2350,R,https://newyork.craigslist.org/brx/fee/d/bronx-newly-renovated-2-bedroom-prime/6921881775.html,40.8785,-73.9162,True,False,True,10463,Kingsbridge and Riverdale,Bronx
289,29097,1208 Webster Ave,809.0,2.0,81.0,,94.0,2019-06-27 19:32:00+00:00,82.6130,True,True,Two bedroom spacious apartment close to 2 &5 train,2000,L,https://newyork.craigslist.org/brx/abo/d/bronx-two-bedroom-spacious-apartment/6921962680.html,40.8316,-73.9099,True,False,True,10456,High Bridge and Morrisania,Bronx
293,29327,3095 Kingsbridge Ave,1100.0,3.0,71.0,92.0,98.0,2019-06-27 23:24:00+00:00,11.5590,True,True,@ Three (3) Bedroom Two (2) Bath PVT House On Saxon Avenue,2600,L,https://newyork.craigslist.org/brx/abo/d/bronx-three-3-bedroom-two-2-bath-pvt/6922046691.html,40.8798,-73.9067,True,False,True,10463,Kingsbridge and Riverdale,Bronx
294,29349,3020 Bouck Ave,1200.0,2.0,67.0,80.0,91.0,2019-06-28 00:29:00+00:00,82.8749,True,True,APARTMENT FOR RENT,2800,R,https://newyork.craigslist.org/wch/abo/d/bronx-apartment-for-rent/6913142880.html,40.8702,-73.8495,True,False,True,10469,Northeast Bronx,Bronx
295,29350,2401 Wilson Ave,1200.0,2.0,81.0,80.0,76.0,2019-06-28 00:29:00+00:00,0.1327,True,True,APARTMENT FOR RENT,2800,L,https://newyork.craigslist.org/brx/abo/d/bronx-apartment-for-rent/6913138526.html,40.8610,-73.8492,True,False,True,10469,Northeast Bronx,Bronx
296,29352,2401 Wilson Ave,1100.0,2.0,81.0,80.0,76.0,2019-06-28 00:28:00+00:00,0.1327,True,True,Large 2 bedroom apartment for rent,2800,L,https://newyork.craigslist.org/brx/abo/d/bronx-large-2-bedroom-apartment-for-rent/6916888836.html,40.8610,-73.8492,True,False,True,10469,Northeast Bronx,Bronx
310,29601,1296 Mace Ave,1200.0,2.0,77.0,,82.0,2019-06-28 09:55:00+00:00,0.8957,True,True,Apartment For Rent,2800,R,https://newyork.craigslist.org/mnh/abo/d/bronx-apartment-for-rent/6922183032.html,40.8629,-73.8492,True,False,True,10469,Northeast Bronx,Bronx
330,30069,3058 Barkley Ave,1000.0,3.0,59.0,,78.0,2019-06-28 17:23:00+00:00,41.8737,True,True,Large three-bedroom in Throgs Neck,2100,R,https://newyork.craigslist.org/brx/abo/d/bronx-large-three-bedroom-in-throgs-neck/6921026507.html,40.8326,-73.8231,True,False,True,10465,Southeast Bronx,Bronx
331,30081,639 Logan Ave,1200.0,3.0,58.0,,85.0,2019-06-28 17:14:00+00:00,109.9545,True,True,Beautiful renovated apartment,2300,L,https://newyork.craigslist.org/brx/abo/d/bronx-beautiful-renovated-apartment/6922514703.html,40.8261,-73.8196,True,False,True,10465,Southeast Bronx,Bronx
336,30105,1439 Kennellworth Pl,1200.0,3.0,57.0,,69.0,2019-06-28 18:36:00+00:00,45.5906,True,True,COUNTRY CLUB- LARGE 3 BEDROOM,2500,L,https://newyork.craigslist.org/brx/abo/d/bronx-country-club-large-3-bedroom/6910039488.html,40.8429,-73.8227,True,False,True,10465,Southeast Bronx,Bronx
341,30280,953 E 232nd St,1288.0,3.0,70.0,84.0,87.0,2019-06-28 21:17:00+00:00,140.6985,True,True,1025  rental,2300,L,https://newyork.craigslist.org/brx/abo/d/bronx-1025-rental/6922733118.html,40.8904,-73.8503,True,False,True,10466,Northeast Bronx,Bronx
354,30717,1090 Lydig Ave,1200.0,3.0,82.0,,86.0,2019-06-29 11:11:00+00:00,26.4243,False,True,BEAUTIFUL 3 BEDROOM 2 FULL BATH,2800,R,https://newyork.craigslist.org/brx/abo/d/bronx-beautiful-3-bedroom-2-full-bath/6922976641.html,40.8546,-73.8573,True,False,True,10461,Southeast Bronx,Bronx
357,30801,2553 Young Ave,850.0,1.0,65.0,,81.0,2019-06-29 13:41:00+00:00,99.6548,True,True,"1BR, Pelham Gardens, Private Entrance",1400,L,https://newyork.craigslist.org/brx/abo/d/bronx-1br-pelham-gardens-private/6923103827.html,40.8644,-73.8482,True,False,True,10469,Northeast Bronx,Bronx
358,30805,444 E 136th St,1200.0,3.0,80.0,,95.0,2019-06-29 13:33:00+00:00,174.8893,True,True,"NO FEE – Huge, Renovated 3 BR, 2 BA Duplex – 136th St. Mott Haven",2704,R,https://newyork.craigslist.org/brx/abo/d/bronx-no-fee-huge-renovated-3-br-2-ba/6921448997.html,40.8070,-73.9225,True,True,True,10454,Hunts Point and Mott Haven,Bronx
365,30923,Adler Pl,800.0,1.0,71.0,,62.0,2019-06-29 15:17:00+00:00,211.4908,True,True,luxury newly renovated 1 bedroom apartment for rent,1650,R,https://newyork.craigslist.org/brx/fee/d/bronx-luxury-newly-renovated-1-bedroom/6923251727.html,40.8729,-73.8278,True,False,True,10475,Northeast Bronx,Bronx
368,31067,1240 Edward L Grant Hwy,545.0,1.0,78.0,,98.0,2019-06-29 17:06:00+00:00,105.2763,False,True,Neat Move in day 1BR Apt.. $1150,1155,R,https://newyork.craigslist.org/brx/abo/d/bronx-neat-move-in-day-1br-apt-1150/6923265164.html,40.8376,-73.9216,True,False,True,10452,High Bridge and Morrisania,Bronx
389,31515,173 E Clifford Pl,720.0,1.0,59.0,,96.0,2019-06-30 11:30:00+00:00,15.2649,True,True,"1695 GRAND CONCOURSE, 1BR, NEAR B/D TRAIN, BX . LEBANON MED. CENTER",1400,L,https://newyork.craigslist.org/brx/nfb/d/bronx-1695-grand-concourse-1br-near-d/6923685822.html,40.8458,-73.9109,True,False,True,10453,Central Bronx,Bronx
390,31534,18 E 199th St,1000.0,2.0,86.0,,94.0,2019-06-30 11:09:00+00:00,58.9516,True,True,18 EAST 199 STREET. RENOVATED 2 BR. 1 BLOCK FROM B/D/#4 EXPRESS TRAIN,1800,R,https://newyork.craigslist.org/brx/nfb/d/bronx-18-east-199-street-renovated-2-br/6923672268.html,40.8719,-73.8895,True,False,True,10468,Bronx Park and Fordham,Bronx
392,31612,99 W 192nd St,990.0,1.0,72.0,,97.0,2019-06-30 12:05:00+00:00,2.4685,True,True,Massive gut renovated1 bedroom apartment,850,R,https://newyork.craigslist.org/brx/nfb/d/bronx-massive-gut-renovated1-bedroom/6923709461.html,40.8671,-73.9020,True,False,True,10468,Bronx Park and Fordham,Bronx
399,31895,1001 Tinton Ave,805.0,2.0,78.0,,93.0,2019-06-30 18:10:00+00:00,61.6030,True,True,Newly Renovated 2 bedrooms 1 Bath unit is a private house,2095,L,https://newyork.craigslist.org/brx/abo/d/bronx-newly-renovated-2-bedrooms-1-bath/6923893634.html,40.8240,-73.9026,True,False,True,10456,High Bridge and Morrisania,Bronx
405,31973,3095 Kingsbridge Ave,1000.0,3.0,68.0,92.0,98.0,2019-06-30 20:17:00+00:00,11.5590,True,True,2 blocks from  Manhattan College,2200,L,https://newyork.craigslist.org/brx/abo/d/bronx-2-blocks-from-manhattan-college/6924015978.html,40.8798,-73.9067,True,False,True,10463,Kingsbridge and Riverdale,Bronx
424,32386,3095 Kingsbridge Ave,1100.0,3.0,68.0,,98.0,2019-07-01 13:42:00+00:00,11.5590,True,True,Three (3) Bedroom Two (2) Bath PVT House On Saxon Avenue,2500,L,https://newyork.craigslist.org/brx/abo/d/bronx-three-3-bedroom-two-2-bath-pvt/6924354437.html,40.8798,-73.9067,True,False,True,10463,Kingsbridge and Riverdale,Bronx
436,32671,640 Longfellow Ave,1000.0,1.0,80.0,,89.0,2019-07-01 17:26:00+00:00,99.0189,True,True,No Credit No Papers? to demonstrate Financial confirmation I can help,1350,R,https://newyork.craigslist.org/brx/abo/d/bronx-no-credit-no-papers-to/6924657826.html,40.8139,-73.8841,True,False,True,10474,Hunts Point and Mott Haven,Bronx
445,32787,953 E 232nd St,1100.0,3.0,70.0,,87.0,2019-07-01 19:19:00+00:00,140.6985,False,True,3Bdrm Apartment for rent,1900,L,https://newyork.craigslist.org/brx/abo/d/bronx-3bdrm-apartment-for-rent/6924685810.html,40.8904,-73.8503,True,False,True,10466,Northeast Bronx,Bronx
449,32871,Henry Hudson Pkwy N,1200.0,2.0,37.0,81.0,76.0,2019-07-01 19:56:00+00:00,NaN,True,True,Enormous 2 bed - Riverdale - 2700,2700,R,https://newyork.craigslist.org/brx/fee/d/bronx-enormous-2-bed-riverdale/6924776457.html,40.8802,-73.9184,True,False,True,10463,Kingsbridge and Riverdale,Bronx
451,32879,Henry Hudson Pkwy N,985.0,1.0,37.0,81.0,76.0,2019-07-01 19:53:00+00:00,NaN,True,True,Large 1 bed - Riverdale - 1800,1800,R,https://newyork.craigslist.org/brx/fee/d/bronx-large-1-bed-riverdale/6924774669.html,40.8802,-73.9184,True,False,True,10463,Kingsbridge and Riverdale,Bronx
452,32882,1106 Olmstead Ave,600.0,1.0,68.0,88.0,95.0,2019-07-01 19:49:00+00:00,24.6154,True,True,Charming one-bedroom in  Castle Hill,1500,R,https://newyork.craigslist.org/brx/abo/d/bronx-charming-one-bedroom-in-castle/6924724136.html,40.8296,-73.8536,True,False,True,10472,Southeast Bronx,Bronx
456,32923,1384 Waters Pl,2000.0,2.0,84.0,86.0,79.0,2019-07-01 22:43:00+00:00,170.5821,True,True,Beautiful Home for Rent,2950,L,https://newyork.craigslist.org/brx/abo/d/bronx-beautiful-home-for-rent/6924855119.html,40.8465,-73.8410,True,False,True,10461,Southeast Bronx,Bronx
460,32995,1090 Lydig Ave,1200.0,3.0,85.0,87.0,86.0,2019-07-02 00:30:00+00:00,23.5034,True,True,DON’T MISS OUT ON THIS GORGEOUS 3BED 2 FULL BATH,2800,R,https://newyork.craigslist.org/brx/abo/d/bronx-dont-miss-out-on-this-gorgeous/6924871186.html,40.8546,-73.8572,True,False,True,10461,Southeast Bronx,Bronx
462,33070,1384 Waters Pl,1200.0,1.0,84.0,,79.0,2019-07-02 05:23:00+00:00,170.5821,True,True,renovated modern apartment with Tons amenities,2200,L,https://newyork.craigslist.org/brx/abo/d/bronx-renovated-modern-apartment-with/6924931813.html,40.8465,-73.8410,True,False,True,10461,Southeast Bronx,Bronx
469,33108,Henry Hudson Pkwy N,975.0,1.0,35.0,,68.0,2019-07-02 09:33:00+00:00,NaN,True,True,Large 1 bed - Prime Riverdale - 1800,1800,R,https://newyork.craigslist.org/brx/fee/d/new-york-city-large-1-bed-prime/6925020799.html,40.8790,-73.9203,True,False,True,10463,Kingsbridge and Riverdale,Bronx
473,33233,953 E 232nd St,900.0,1.0,70.0,,87.0,2019-07-02 11:25:00+00:00,140.6985,False,True,$1500 / 1br - 900ft2 - 1 bedroom all utilites included (not basement),1500,L,https://newyork.craigslist.org/brx/abo/d/bronx-br-900ft2-1-bedroom-all-utilites/6925086017.html,40.8904,-73.8503,True,False,True,10466,Northeast Bronx,Bronx
477,33310,953 E 232nd St,900.0,1.0,70.0,,87.0,2019-07-02 12:16:00+00:00,140.6985,True,True,KING SIZED 1 BEDROOM ** MUST SEE**,1500,L,https://newyork.craigslist.org/brx/abo/d/bronx-king-sized-1-bedroom-must-see/6925096955.html,40.8904,-73.8503,True,False,True,10466,Northeast Bronx,Bronx
493,33570,3950 Sedgwick Ave,1100.0,3.0,85.0,,85.0,2019-07-02 16:18:00+00:00,13.6759,True,True,"Confortable, Three (3) Bedroom Two (2) Bath PVT House On Saxon Ave",2500,R,https://newyork.craigslist.org/brx/abo/d/bronx-confortable-three-3-bedroom-two-2/6925321674.html,40.8825,-73.8904,True,False,True,10463,Kingsbridge and Riverdale,Bronx
497,33802,3095 Kingsbridge Ave,1100.0,3.0,68.0,92.0,98.0,2019-07-02 20:27:00+00:00,11.5590,True,True,"Comfortable, Three (3) Bedroom Two (2) Bath PVT House On Saxon Avenue",2500,L,https://newyork.craigslist.org/brx/abo/d/bronx-comfortable-three-3-bedroom-two-2/6925486961.html,40.8798,-73.9067,True,False,True,10463,Kingsbridge and Riverdale,Bronx
507,34248,5254 Post Rd,1500.0,3.0,60.0,,65.0,2019-07-03 13:35:00+00:00,25.1105,True,True,DUPLEX__3 FULL BATHROOMS__KING SIZE__PS 81 Zone_Near Transit!,3200,R,https://newyork.craigslist.org/brx/fee/d/bronx-duplex3-full-bathroomsking-sizeps/6925983325.html,40.8987,-73.8982,True,False,True,10471,Kingsbridge and Riverdale,Bronx
515,34330,Henry Hudson Pkwy N,985.0,1.0,37.0,,76.0,2019-07-03 14:19:00+00:00,NaN,True,True,Brand new Kitchen - Large 1 bed - Riverdale - 1800,1800,R,https://newyork.craigslist.org/brx/fee/d/bronx-brand-new-kitchen-large-1-bed/6926025040.html,40.8802,-73.9184,True,False,True,10463,Kingsbridge and Riverdale,Bronx
517,34362,1940 Webster Ave,1500.0,2.0,85.0,,96.0,2019-07-03 15:22:00+00:00,54.0057,True,True,No Credit No Papers? to demonstrate Financial confirmation I can help,1400,L,https://newyork.craigslist.org/brx/abo/d/bronx-no-credit-no-papers-to/6926063751.html,40.8486,-73.8999,True,False,True,10457,Central Bronx,Bronx
523,34408,828A E 223rd St,950.0,2.0,84.0,,89.0,2019-07-03 16:31:00+00:00,121.0654,True,True,Brand new Huge 2 Br apartment in private house!,1900,R,https://newyork.craigslist.org/brx/abo/d/bronx-brand-new-huge-2-br-apartment-in/6926066594.html,40.8851,-73.8573,True,False,True,10466,Northeast Bronx,Bronx
527,34518,2828 Yates Ave,900.0,2.0,70.0,,87.0,2019-07-03 18:14:00+00:00,0.1677,True,True,Beautiful 2 BR In Pelham Gardens,1750,R,https://newyork.craigslist.org/brx/abo/d/bronx-beautiful-2-br-in-pelham-gardens/6926165437.html,40.8677,-73.8547,True,False,True,10469,Northeast Bronx,Bronx
533,34628,227 Naples Ter,985.0,1.0,63.0,95.0,98.0,2019-07-03 20:03:00+00:00,1.5135,True,True,Large 1 bed - Kingsbridge/South Riverdale - 1595,1595,L,https://newyork.craigslist.org/brx/fee/d/bronx-large-1-bed-kingsbridge-south/6926271821.html,40.8799,-73.9053,True,False,True,10463,Kingsbridge and Riverdale,Bronx
551,34851,825 E 223rd St,950.0,2.0,84.0,87.0,89.0,2019-07-04 01:59:00+00:00,127.0093,True,True,Huge 2 br in private house !,1900,L,https://newyork.craigslist.org/brx/abo/d/bronx-huge-2-br-in-private-house/6926371731.html,40.8852,-73.8573,True,False,True,10466,Northeast Bronx,Bronx
553,34916,Bronx River Pkwy N,885.0,1.0,72.0,,87.0,2019-07-04 10:41:00+00:00,NaN,True,True,Large 1 bedroom new kitchen and bath.Laundry,1575,R,https://newyork.craigslist.org/brx/abo/d/bronx-large-1-bedroom-new-kitchen-and/6926442798.html,40.8737,-73.8712,True,False,True,10467,Bronx Park and Fordham,Bronx
557,34925,836A E 223rd St,1000.0,2.0,84.0,,89.0,2019-07-04 10:32:00+00:00,141.8829,True,True,Brand new 2 bedroom apartment in private house,1900,R,https://newyork.craigslist.org/brx/abo/d/bronx-brand-new-2-bedroom-apartment-in/6926437100.html,40.8851,-73.8571,True,False,True,10466,Northeast Bronx,Bronx
558,34956,Bronx River Pkwy S,900.0,1.0,72.0,,91.0,2019-07-04 11:34:00+00:00,NaN,False,True,Large 1 Bedroom / Morris Park area,1400,R,https://newyork.craigslist.org/brx/fee/d/bronx-large-1-bedroom-morris-park-area/6926533941.html,40.8400,-73.8729,True,False,True,10460,Central Bronx,Bronx
562,35036,3095 Kingsbridge Ave,1100.0,3.0,68.0,,98.0,2019-07-04 12:04:00+00:00,11.5590,True,True,"Cozy, Three (3) Bedroom Two (2) Bath PVT House On Saxon Avenue",2500,L,https://newyork.craigslist.org/brx/abo/d/bronx-cozy-three-3-bedroom-two-2-bath/6926509951.html,40.8798,-73.9067,True,False,True,10463,Kingsbridge and Riverdale,Bronx
563,35045,3095 Kingsbridge Ave,1200.0,3.0,68.0,,98.0,2019-07-04 13:43:00+00:00,11.5590,False,True,"Den, Large terrace, in  Riverdale",2595,L,https://newyork.craigslist.org/brx/abo/d/den-large-terrace-in-riverdale/6926614089.html,40.8798,-73.9067,True,False,True,10463,Kingsbridge and Riverdale,Bronx
565,35113,Henry Hudson Pkwy S,1000.0,2.0,37.0,,63.0,2019-07-04 14:09:00+00:00,NaN,True,True,MUST SEE BEAUTIFUL RENOVATED SUNNY 2 BEDROOM,2245,R,https://newyork.craigslist.org/brx/abo/d/bronx-must-see-beautiful-renovated/6926612198.html,40.9011,-73.9053,True,False,True,10471,Kingsbridge and Riverdale,Bronx
567,35198,Henry Hudson Pkwy S,600.0,1.0,37.0,,63.0,2019-07-04 16:12:00+00:00,NaN,True,True,"1,2,3 and 4 bedroom apartments Available",1500,R,https://newyork.craigslist.org/brx/fee/d/bronx-123-and-4-bedroom-apartments/6926710083.html,40.9011,-73.9053,True,False,True,10471,Kingsbridge and Riverdale,Bronx
581,35472,1449 Olmstead Ave,804.0,1.0,69.0,90.0,98.0,2019-07-04 21:59:00+00:00,37.5348,True,True,Really Large 1 bedroom available now - View Friday 7/5,1575,L,https://newyork.craigslist.org/brx/abo/d/bronx-really-large-1-bedroom-available/6926818728.html,40.8357,-73.8552,True,False,True,10462,Southeast Bronx,Bronx
584,35588,281 W 230th St,942.0,2.0,69.0,,95.0,2019-07-05 09:34:00+00:00,0.1807,True,True,Modern Luxe - 2 bed/2 bath - Riverdale,2795,R,https://newyork.craigslist.org/brx/fee/d/bronx-modern-luxe-2-bed-2-bath-riverdale/6926981218.html,40.8790,-73.9090,True,False,True,10463,Kingsbridge and Riverdale,Bronx
585,35618,1560 White Plains Rd,805.0,1.0,65.0,,94.0,2019-07-05 10:37:00+00:00,47.1962,True,True,Spacious 1 bedroom for rent Elevator/Laundry -800SF,1498,R,https://newyork.craigslist.org/brx/abo/d/bronx-spacious-1-bedroom-for-rent/6926981004.html,40.8397,-73.8634,True,False,True,10462,Southeast Bronx,Bronx
586,35619,4593 Manhattan College Pkwy,785.0,1.0,61.0,,84.0,2019-07-05 10:36:00+00:00,22.3154,True,True,Lovely 1 bedroom for rent Elevator/Laundry - Parking!,1595,L,https://newyork.craigslist.org/brx/abo/d/bronx-lovely-1-bedroom-for-rent/6926977857.html,40.8896,-73.9000,True,False,True,10471,Kingsbridge and Riverdale,Bronx
591,35711,368 Manida St,800.0,2.0,79.0,,83.0,2019-07-05 11:18:00+00:00,0.0000,False,True,2 bedroom,1800,R,https://newyork.craigslist.org/brx/abo/d/bronx-2-bedroom/6922181977.html,40.8084,-73.8868,True,False,True,10474,Hunts Point and Mott Haven,Bronx
598,35994,896 Neill Ave,1000.0,2.0,74.0,,88.0,2019-07-05 16:00:00+00:00,3.1214,True,True,PRIVATE BALCONY - POOL -  PET FRIENDLY - NO FEE!!,2400,R,https://newyork.craigslist.org/brx/nfb/d/bronx-private-balcony-pool-pet-friendly/6927323385.html,40.8508,-73.8621,True,True,True,10462,Southeast Bronx,Bronx
601,36034,3801 Waldo Ave,884.0,3.0,80.0,,94.0,2019-07-05 17:19:00+00:00,0.0000,True,True,"NO BROKER FEES - 3 Bedroom, 2 Bath on WALDO AVE, Bronx in Riverdale",2700,L,https://newyork.craigslist.org/brx/nfb/d/bronx-no-broker-fees-3-bedroom-2-bath/6927389316.html,40.8871,-73.9041,True,False,True,10463,Kingsbridge and Riverdale,Bronx
602,36035,1660 Purdy St,686.0,1.0,67.0,,94.0,2019-07-05 17:18:00+00:00,6.0686,True,True,Modern 1 Bedroom Apartment @^@ IN Private House - Heat Included,500,R,https://newyork.craigslist.org/brx/abo/d/bronx-modern-1-bedroom-apartment-in/6927289827.html,40.8408,-73.8542,True,False,True,10462,Southeast Bronx,Bronx
603,36040,3801 Waldo Ave,1050.0,4.0,80.0,,94.0,2019-07-05 17:14:00+00:00,0.0000,True,True,"NO BROKER FEES - 4 Bedroom, 2 Bath on WALDO AVE, Bronx in Riverdale",3100,L,https://newyork.craigslist.org/brx/nfb/d/bronx-no-broker-fees-4-bedroom-2-bath/6927385481.html,40.8871,-73.9041,True,False,True,10463,Kingsbridge and Riverdale,Bronx
607,36066,Bronx River Pkwy N,630.0,1.0,72.0,,87.0,2019-07-05 18:29:00+00:00,NaN,True,True,Check this bedroom for your better living _ Ma.le/Fem.ale!,330,R,https://newyork.craigslist.org/brx/abo/d/bronx-check-this-bedroom-for-your/6927376659.html,40.8737,-73.8712,True,False,True,10467,Bronx Park and Fordham,Bronx
609,36092,3801 Waldo Ave,1050.0,4.0,80.0,,94.0,2019-07-05 18:06:00+00:00,0.0000,True,True,"**NO BROKER FEES - 4 Bedroom, 2 Bath on WALDO AVE, BRONX IN RIVERDALE*",3100,L,https://newyork.craigslist.org/brx/nfb/d/bronx-no-broker-fees-4-bedroom-2-bath/6927425123.html,40.8871,-73.9041,True,False,True,10463,Kingsbridge and Riverdale,Bronx
610,36099,3801 Waldo Ave,884.0,3.0,80.0,,94.0,2019-07-05 18:03:00+00:00,0.0000,True,True,"**NO BROKER FEES - 3 Bedroom, 2 Bath on WALDO AVE, BRONX IN RIVERDALE*",2700,L,https://newyork.craigslist.org/brx/nfb/d/bronx-no-broker-fees-3-bedroom-2-bath/6927422925.html,40.8871,-73.9041,True,False,True,10463,Kingsbridge and Riverdale,Bronx
611,36110,Bronx River Pkwy N,650.0,1.0,72.0,,87.0,2019-07-05 19:40:00+00:00,NaN,True,True,Rent this amazing place for your long term living!,345,R,https://newyork.craigslist.org/brx/abo/d/bronx-rent-this-amazing-place-for-your/6927443922.html,40.8737,-73.8712,True,False,True,10467,Bronx Park and Fordham,Bronx
618,36278,2999 Dewey Ave,1200.0,3.0,51.0,51.0,86.0,2019-07-05 23:20:00+00:00,0.9424,True,True,3 Bedroom 2 Bath 3rd Floor walk up w Private Entrance,2100,L,https://newyork.craigslist.org/brx/abo/d/bronx-3-bedroom-2-bath-3rd-floor-walk/6927551997.html,40.8229,-73.8175,True,False,True,10465,Southeast Bronx,Bronx
628,36400,1610 Matthews Ave,850.0,2.0,68.0,,81.0,2019-07-06 09:35:00+00:00,0.0000,True,True,CENTRAL BRONX - EASY COMMUTE,2400,R,https://newyork.craigslist.org/brx/fee/d/bronx-central-bronx-easy-commute/6927717464.html,40.8434,-73.8602,True,False,True,10462,Southeast Bronx,Bronx
629,36436,1610 Matthews Ave,720.0,1.0,68.0,,81.0,2019-07-06 10:22:00+00:00,0.0000,True,True,THE OASIS OF THE BRONX,1895,R,https://newyork.craigslist.org/brx/fee/d/bronx-the-oasis-of-the-bronx/6927747839.html,40.8434,-73.8602,True,False,True,10462,Southeast Bronx,Bronx
630,36447,21 Bruckner Blvd,950.0,1.0,85.0,,92.0,2019-07-06 10:11:00+00:00,141.8115,True,True,ew luxury 1bedroom is now available,850,L,https://newyork.craigslist.org/brx/nfb/d/bronx-ew-luxury-1bedroom-is-now/6927740172.html,40.8073,-73.9286,True,False,True,10454,Hunts Point and Mott Haven,Bronx
637,36669,278 Logan Ave,800.0,2.0,53.0,,72.0,2019-07-06 15:24:00+00:00,91.7728,True,True,Renovated--- 2 bed + Living Room+ Dining Room --- Terrace --- S/S Appl,1895,R,https://newyork.craigslist.org/brx/fee/d/bronx-renovated-2-bed-living-room/6928009606.html,40.8187,-73.8155,True,False,True,10465,Southeast Bronx,Bronx
652,36958,1610 Matthews Ave,710.0,1.0,68.0,86.0,81.0,2019-07-06 22:29:00+00:00,0.0000,True,True,BALCONY - PARKING - HIGH FLOOR,1900,R,https://newyork.craigslist.org/brx/fee/d/bronx-balcony-parking-high-floor/6928254397.html,40.8434,-73.8602,True,False,True,10462,Southeast Bronx,Bronx
657,37085,3510 Rochambeau Ave,700.0,1.0,65.0,,93.0,2019-07-07 09:36:00+00:00,213.6464,True,True,3530 rochambeau ave. 1 br near monti med center,1300,R,https://newyork.craigslist.org/brx/nfb/d/bronx-3530-rochambeau-ave-1-br-near/6928379912.html,40.8820,-73.8791,True,False,True,10467,Bronx Park and Fordham,Bronx
661,37166,1180 Fteley Ave,500.0,1.0,65.0,,95.0,2019-07-07 11:28:00+00:00,36.3987,True,True,1 Bedroom (OPEN HOUSE - TODAY) Chatterton Ave,1500,R,https://newyork.craigslist.org/brx/fee/d/bronx-1-bedroom-open-house-today/6928441981.html,40.8295,-73.8716,True,False,True,10472,Southeast Bronx,Bronx
662,37250,Adler Pl,1900.0,4.0,71.0,,62.0,2019-07-07 13:16:00+00:00,211.4908,True,True,over sized gorgeous new apartment on 1st floor of 3 family house,2950,R,https://newyork.craigslist.org/brx/fee/d/bronx-over-sized-gorgeous-new-apartment/6928517799.html,40.8729,-73.8278,True,False,True,10475,Northeast Bronx,Bronx
716,38271,1099 Carroll Pl,915.0,1.0,80.0,100.0,98.0,2019-07-08 20:04:00+00:00,19.6159,True,True,COMPLETELY RENOVATED APARTMENT,800,L,https://newyork.craigslist.org/brx/abo/d/bronx-completely-renovated-apartment/6929556147.html,40.8319,-73.9188,True,False,True,10456,High Bridge and Morrisania,Bronx
721,38402,1449 Olmstead Ave,800.0,1.0,69.0,90.0,98.0,2019-07-09 00:32:00+00:00,37.5348,True,True,Really Large 1 bedroom available now - View Tuesday 7/9,1500,L,https://newyork.craigslist.org/brx/abo/d/bronx-really-large-1-bedroom-available/6929722414.html,40.8357,-73.8552,True,False,True,10462,Southeast Bronx,Bronx
727,38593,2205 E Tremont Ave,800.0,1.0,67.0,,88.0,2019-07-09 10:17:00+00:00,97.0481,True,True,Large top floor Quiet 1 bedroom with view,1500,L,https://newyork.craigslist.org/brx/abo/d/bronx-large-top-floor-quiet-1-bedroom/6929822883.html,40.8421,-73.8570,True,False,True,10462,Southeast Bronx,Bronx
729,38620,1610 Matthews Ave,600.0,1.0,68.0,,81.0,2019-07-09 11:41:00+00:00,0.0000,True,True,LARGE ALCOVE STUDIO 600sqf  RENOVATED ELEVATOR LAUNDRY BLDG NEAR TRAIN,1675,R,https://newyork.craigslist.org/brx/abo/d/bronx-large-alcove-studio-600sqf/6929889624.html,40.8434,-73.8602,True,False,True,10462,Southeast Bronx,Bronx
730,38626,1610 Matthews Ave,800.0,2.0,68.0,,81.0,2019-07-09 11:34:00+00:00,0.0000,True,True,LARGE   2BA 800sqf RENOVATED ELEVATOR LAUNDRY BLDG NEAR TRAIN,2150,R,https://newyork.craigslist.org/wch/abo/d/bronx-large-2ba-800sqf-renovated/6929891064.html,40.8434,-73.8602,True,False,True,10462,Southeast Bronx,Bronx
732,38669,390 W 256th St,600.0,1.0,41.0,,84.0,2019-07-09 12:37:00+00:00,5.4565,False,True,1 Bedroom Apartment for Rent,950,L,https://newyork.craigslist.org/brx/abo/d/bronx-1-bedroom-apartment-for-rent/6929996859.html,40.9038,-73.9003,True,False,True,10471,Kingsbridge and Riverdale,Bronx
740,38802,1799 Jarvis Ave,700.0,2.0,77.0,,92.0,2019-07-09 14:26:00+00:00,0.0000,True,True,2 BR/1 BA renovated apartment in Pelham Bay,1900,L,https://newyork.craigslist.org/brx/abo/d/bronx-2-br-1-ba-renovated-apartment-in/6930128119.html,40.8477,-73.8305,True,False,True,10461,Southeast Bronx,Bronx
742,38836,2627 Webster Ave,650.0,2.0,63.0,,98.0,2019-07-09 14:07:00+00:00,28.9101,True,True,2 bedroom Apt 1 block from St. Barnabus Hospital,1900,L,https://newyork.craigslist.org/brx/abo/d/bronx-2-bedroom-apt-1-block-from-st/6916261159.html,40.8633,-73.8895,True,False,True,10458,Bronx Park and Fordham,Bronx
745,38920,1240 Edward L Grant Hwy,820.0,1.0,78.0,,98.0,2019-07-09 16:26:00+00:00,105.2763,True,True,"NICE, SAFE 1-BED",750,R,https://newyork.craigslist.org/brx/abo/d/nice-safe-1-bed/6930233305.html,40.8376,-73.9216,True,False,True,10452,High Bridge and Morrisania,Bronx
749,39051,1208 Webster Ave,750.0,1.0,81.0,,94.0,2019-07-09 18:12:00+00:00,82.6130,True,True,2nd floor walk-up 1 bedroom,750,L,https://newyork.craigslist.org/brx/abo/d/bronx-2nd-floor-walk-up-1-bedroom/6930283381.html,40.8316,-73.9099,True,False,True,10456,High Bridge and Morrisania,Bronx
759,39249,1029 Fox St,800.0,2.0,87.0,100.0,97.0,2019-07-09 22:13:00+00:00,80.3180,True,True,Renovated 2-bedroom in Intervale - Section 8 Welcome!,1879,L,https://newyork.craigslist.org/brx/abo/d/bronx-renovated-2-bedroom-in-intervale/6930450931.html,40.8247,-73.8940,True,False,True,10459,Hunts Point and Mott Haven,Bronx
760,39294,1586 Brook Ave,1000.0,3.0,77.0,96.0,90.0,2019-07-09 22:49:00+00:00,18.8463,True,True,Renovated 3-bedroom in Claremont,2350,R,https://newyork.craigslist.org/brx/abo/d/bronx-renovated-3-bedroom-in-claremont/6930453837.html,40.8393,-73.9046,True,False,True,10457,Central Bronx,Bronx
764,39372,3004 Marion Ave,950.0,1.0,82.0,,93.0,2019-07-10 04:33:00+00:00,1.3530,True,True,IMMEDIATE viewing!* Unit features: -HEAT AND HOT WATER INCLUDED,850,R,https://newyork.craigslist.org/brx/nfb/d/bronx-immediate-viewing-unit-features/6930571506.html,40.8703,-73.8819,True,False,True,10458,Bronx Park and Fordham,Bronx
775,39534,1610 Matthews Ave,1300.0,2.0,68.0,,81.0,2019-07-10 11:02:00+00:00,0.0000,True,True,"Newly Renovated 2 Bedroom , 1 Bath  Spacious - elevator/Laundry",2075,R,https://newyork.craigslist.org/brx/abo/d/bronx-newly-renovated-2-bedroom-1-bath/6930640828.html,40.8434,-73.8602,True,False,True,10462,Southeast Bronx,Bronx
787,39669,3095 Kingsbridge Ave,674.0,1.0,68.0,92.0,98.0,2019-07-21 21:44:00+00:00,11.5590,True,True,Awesome Bedroom - Perfect for anyone!,368,L,https://newyork.craigslist.org/fct/abo/d/bronx-awesome-bedroom-perfect-for-anyone/6939293879.html,40.8798,-73.9067,True,False,True,10463,Kingsbridge and Riverdale,Bronx
795,39943,1610 Matthews Ave,1300.0,2.0,68.0,,81.0,2019-07-22 09:03:00+00:00,0.0000,True,True,"Newly Renovated 2 Bedroom , 2 Bath  Spacious - elevator/Laundry",2350,R,https://newyork.craigslist.org/brx/abo/d/bronx-newly-renovated-2-bedroom-2-bath/6932598147.html,40.8434,-73.8602,True,False,True,10462,Southeast Bronx,Bronx
824,40767,1610 Matthews Ave,1300.0,2.0,68.0,86.0,81.0,2019-07-23 00:39:00+00:00,0.0000,True,True,Sunny 2 bedroom large- 1300SF. 2 baths,2350,R,https://newyork.craigslist.org/brx/abo/d/bronx-sunny-2-bedroom-large-1300sf-2/6940172019.html,40.8434,-73.8602,True,False,True,10462,Southeast Bronx,Bronx
836,41229,34 W 192nd St,800.0,1.0,77.0,,97.0,2019-07-23 10:18:00+00:00,35.5316,True,True,Completely new 1BR apartment,1100,L,https://newyork.craigslist.org/brx/abo/d/bronx-completely-new-1br-apartment/6940275230.html,40.8662,-73.9003,True,False,True,10468,Bronx Park and Fordham,Bronx
837,41262,1610 Matthews Ave,1285.0,3.0,68.0,,81.0,2019-07-23 10:03:00+00:00,0.0000,True,True,Large 2 bedroom 2 bath new kitchen and bath.Laundry,2345,R,https://newyork.craigslist.org/brx/abo/d/bronx-large-2-bedroom-2-bath-new/6937932914.html,40.8434,-73.8602,True,False,True,10462,Southeast Bronx,Bronx
838,41307,544 Walton Ave,900.0,2.0,61.0,,95.0,2019-07-23 14:05:00+00:00,53.1547,True,True,"Mott haven Brownstone- newly renovated, conveniently located",2300,R,https://newyork.craigslist.org/brx/abo/d/mott-haven-brownstone-newly-renovated/6940553768.html,40.8193,-73.9281,True,False,True,10451,High Bridge and Morrisania,Bronx
839,41325,472 E 139th St,2200.0,3.0,89.0,,96.0,2019-07-23 13:59:00+00:00,112.2614,False,True,LARGE Duplex brownstone- Beautiful Renovation- No Fees;utilities incl,2400,R,https://newyork.craigslist.org/brx/abo/d/bronx-large-duplex-brownstone-beautiful/6940554226.html,40.8085,-73.9198,True,True,True,10454,Hunts Point and Mott Haven,Bronx
840,41330,Metro North Welfare Facility Rd,1800.0,3.0,66.0,,95.0,2019-07-23 13:58:00+00:00,227.5326,True,True,GORGEOUS DUPLEX MOTT HAVEN BROWNSTONE-2 LVL;  3BR; 1.5 BA,2400,R,https://newyork.craigslist.org/brx/abo/d/gorgeous-duplex-mott-haven-brownstone-2/6940552686.html,40.8222,-73.9217,True,False,True,10451,High Bridge and Morrisania,Bronx
842,41408,544 Walton Ave,900.0,2.0,61.0,,95.0,2019-07-23 14:22:00+00:00,53.1547,True,True,"Mott haven Brownstone- newly renovated, conveniently located NO FEES",2300,R,https://newyork.craigslist.org/brx/abo/d/mott-haven-brownstone-newly-renovated/6940530334.html,40.8193,-73.9281,True,True,True,10451,High Bridge and Morrisania,Bronx
847,41521,Bronx River Pkwy N,600.0,2.0,72.0,,87.0,2019-07-23 16:43:00+00:00,NaN,True,True,"I have a nice room for rent, please contact asap!",340,R,https://newyork.craigslist.org/brx/abo/d/bronx-have-nice-room-for-rent-please/6940636262.html,40.8737,-73.8712,True,False,True,10467,Bronx Park and Fordham,Bronx
