id,address,area,bedrooms,bikeScore,datetime,distanceToNearestIntersection,geotag,has_image,has_map,name,postalCode,price,repost_of,sideOfStreet,transitScore,url,walkScore,where
6911917730,320 Chauncey St,,3,64,2019-06-21 14:34,0.0,"[40.681519, -73.91972]",True,True,YOU’RE IN GOOD HANDS...T E X T US TO VIEW BK’S BEST *NO FEE* APTS,11233-2410,$2700,,R,100.0,https://newyork.craigslist.org/brk/abo/d/brooklyn-youre-in-good-handst-x-us-to/6911917730.html,92,Bed-Stuy
6911917730,320 Chauncey St,,3,64,2019-06-21 14:34,0.0,"[40.681519, -73.91972]",True,True,YOU’RE IN GOOD HANDS...T E X T US TO VIEW BK’S BEST *NO FEE* APTS,11233-2410,$2700,,R,100.0,https://newyork.craigslist.org/brk/abo/d/brooklyn-youre-in-good-handst-x-us-to/6911917730.html,92,Bed-Stuy
6906249947,4400 Davis St,700ft2,2,85,2019-06-21 14:53,0.09268710558534905,"[40.745818, -73.94565]",True,True,LIC Court Square Apartment,11101-4306,$2000,,R,100.0,https://newyork.craigslist.org/brk/abo/d/long-island-city-lic-court-square/6906249947.html,98,Long Island City
6906249947,4400 Davis St,700ft2,2,85,2019-06-21 14:53,0.09268710558534905,"[40.745818, -73.94565]",True,True,LIC Court Square Apartment,11101-4306,$2000,,R,100.0,https://newyork.craigslist.org/brk/abo/d/long-island-city-lic-court-square/6906249947.html,98,Long Island City
6914701781,384 Cadman Plz W,,,91,2019-06-21 15:13,77.65175949533406,"[40.694, -73.9903]",True,True,33 Bond Street - Studio,11201,$2390,6683184207,L,100.0,https://newyork.craigslist.org/brk/abo/d/brooklyn-33-bond-street-studio/6914701781.html,99,Brooklyn
6914701781,384 Cadman Plz W,,,91,2019-06-21 15:13,77.65175949533406,"[40.694, -73.9903]",True,True,33 Bond Street - Studio,11201,$2390,6683184207,L,100.0,https://newyork.craigslist.org/brk/abo/d/brooklyn-33-bond-street-studio/6914701781.html,99,Brooklyn
6917281524,399 Quincy St,,3,80,2019-06-21 15:33,0.0,"[40.687637, -73.944765]",True,True,Beautiful modern apt in ideal location && no fee!,11216-1501,$2850,,L,100.0,https://newyork.craigslist.org/brk/abo/d/brooklyn-beautiful-modern-apt-in-ideal/6917281524.html,92,Bed-Stuy
6917281524,399 Quincy St,,3,80,2019-06-21 15:33,0.0,"[40.687637, -73.944765]",True,True,Beautiful modern apt in ideal location && no fee!,11216-1501,$2850,,L,100.0,https://newyork.craigslist.org/brk/abo/d/brooklyn-beautiful-modern-apt-in-ideal/6917281524.html,92,Bed-Stuy
6917263594,27 Ford St,650ft2,2,82,2019-06-21 15:53,15.82129565128382,"[40.665311, -73.92934]",True,True,"Beautiful Light, Modern, Pet Friendly, Gym, Elevator, Rooftops",11213-5847,$2700,,L,100.0,https://newyork.craigslist.org/brk/abo/d/brooklyn-beautiful-light-modern-pet/6917263594.html,97,Brooklyn
6917263594,27 Ford St,650ft2,2,82,2019-06-21 15:53,15.82129565128382,"[40.665311, -73.92934]",True,True,"Beautiful Light, Modern, Pet Friendly, Gym, Elevator, Rooftops",11213-5847,$2700,,L,100.0,https://newyork.craigslist.org/brk/abo/d/brooklyn-beautiful-light-modern-pet/6917263594.html,97,Brooklyn
6917319821,736 Franklin Ave,,2,91,2019-06-21 16:13,1.6034428129562133,"[40.673294, -73.957021]",True,True,No Fee Franklin Ave Apartment! Prime Location!,11238-4703,$2999,,R,100.0,https://newyork.craigslist.org/brk/abo/d/brooklyn-no-fee-franklin-ave-apartment/6917319821.html,97,724 Franklin Ave
6917319821,736 Franklin Ave,,2,91,2019-06-21 16:13,1.6034428129562133,"[40.673294, -73.957021]",True,True,No Fee Franklin Ave Apartment! Prime Location!,11238-4703,$2999,,R,100.0,https://newyork.craigslist.org/brk/abo/d/brooklyn-no-fee-franklin-ave-apartment/6917319821.html,97,724 Franklin Ave
6899237676,521 Nostrand Ave,800ft2,2,81,2019-06-21 16:33,26.323391582011823,"[40.6794, -73.9496]",True,True,"* Clinton Hill / Bedstuy ^ Large 2Br Newly Reno ,h/hw inc ,A G C Train",11216-2804,$2795,,L,100.0,https://newyork.craigslist.org/brk/abo/d/brooklyn-clinton-hill-bedstuy-large-2br/6899237676.html,98,Bedstuy /Clinton Hill / Pratt
6899237676,521 Nostrand Ave,800ft2,2,81,2019-06-21 16:33,26.323391582011823,"[40.6794, -73.9496]",True,True,"* Clinton Hill / Bedstuy ^ Large 2Br Newly Reno ,h/hw inc ,A G C Train",11216-2804,$2795,,L,100.0,https://newyork.craigslist.org/brk/abo/d/brooklyn-clinton-hill-bedstuy-large-2br/6899237676.html,98,Bedstuy /Clinton Hill / Pratt
6917358327,3495 Main St,,1,55,2019-06-21 17:13,33.46863054685672,"[41.2091, -73.2086]",True,True,$800 Spacious 1 BR apt,06606-3603,$800,5897232019,L,,https://newyork.craigslist.org/fct/abo/d/800-spacious-1-br-apt/6917358327.html,68,Bridgeport North End
6917358327,3495 Main St,,1,55,2019-06-21 17:13,33.46863054685672,"[41.2091, -73.2086]",True,True,$800 Spacious 1 BR apt,06606-3603,$800,5897232019,L,,https://newyork.craigslist.org/fct/abo/d/800-spacious-1-br-apt/6917358327.html,68,Bridgeport North End
6915810052,107 Dannell Dr,765ft2,1,30,2019-06-21 17:33,148.93017756352387,"[41.0888, -73.5435]",True,True,"☆ Stamford Apartment Living,",06905-2716,$1785,,R,,https://newyork.craigslist.org/fct/abo/d/stamford-stamford-apartment-living/6915810052.html,15,
6915810052,107 Dannell Dr,765ft2,1,30,2019-06-21 17:33,148.93017756352387,"[41.0888, -73.5435]",True,True,"☆ Stamford Apartment Living,",06905-2716,$1785,,R,,https://newyork.craigslist.org/fct/abo/d/stamford-stamford-apartment-living/6915810052.html,15,
6917424645,6086 Catalpa Ave,,3,76,2019-06-21 17:53,67.95757370686609,"[40.7036, -73.8961]",True,True,Spacious 3br w/ laundry and roof- ASAP move in,11385-5101,$2600,6890369129,R,90.0,https://newyork.craigslist.org/que/abo/d/ridgewood-spacious-3br-laundry-and-roof/6917424645.html,95,"Bushwick/ Ridgewood- Seneca M, Myrtle Wyckoff L/M"
6917424645,6086 Catalpa Ave,,3,76,2019-06-21 17:53,67.95757370686609,"[40.7036, -73.8961]",True,True,Spacious 3br w/ laundry and roof- ASAP move in,11385-5101,$2600,6890369129,R,90.0,https://newyork.craigslist.org/que/abo/d/ridgewood-spacious-3br-laundry-and-roof/6917424645.html,95,"Bushwick/ Ridgewood- Seneca M, Myrtle Wyckoff L/M"
6917407303,1024 Bushwick Ave,,3,81,2019-06-21 18:12,0.0,"[40.691353, -73.921411]",True,True,Gorgeous gut renovated 3 BED with LAUNDRY IN UNIT,11221-4321,$2537,,R,97.0,https://newyork.craigslist.org/brk/abo/d/brooklyn-gorgeous-gut-renovated-3-bed/6917407303.html,95,BUSHWICK
6917407303,1024 Bushwick Ave,,3,81,2019-06-21 18:12,0.0,"[40.691353, -73.921411]",True,True,Gorgeous gut renovated 3 BED with LAUNDRY IN UNIT,11221-4321,$2537,,R,97.0,https://newyork.craigslist.org/brk/abo/d/brooklyn-gorgeous-gut-renovated-3-bed/6917407303.html,95,BUSHWICK
6914417964,326 W 54th St,,3,89,2019-06-21 18:32,167.193930094898,"[40.7651, -73.9858]",True,True,JULY 1ST **NO FEE! - HUGE 3 Bed - W/D & D/W in unit! close to trains!!,10019-5102,$4695,,L,100.0,https://newyork.craigslist.org/mnh/abo/d/new-york-city-july-1st-no-fee-huge-3/6914417964.html,99,Midtown West
6914417964,326 W 54th St,,3,89,2019-06-21 18:32,167.193930094898,"[40.7651, -73.9858]",True,True,JULY 1ST **NO FEE! - HUGE 3 Bed - W/D & D/W in unit! close to trains!!,10019-5102,$4695,,L,100.0,https://newyork.craigslist.org/mnh/abo/d/new-york-city-july-1st-no-fee-huge-3/6914417964.html,99,Midtown West
6917420229,543 Knickerbocker Ave,,,89,2019-06-21 18:52,0.0,"[40.697253, -73.915616]",True,True,Duplex Bushwick 2BR - No Fee!,11221-4709,$2450,,L,100.0,https://newyork.craigslist.org/brk/abo/d/brooklyn-duplex-bushwick-2br-no-fee/6917420229.html,96,bushwick
6917420229,543 Knickerbocker Ave,,,89,2019-06-21 18:52,0.0,"[40.697253, -73.915616]",True,True,Duplex Bushwick 2BR - No Fee!,11221-4709,$2450,,L,100.0,https://newyork.craigslist.org/brk/abo/d/brooklyn-duplex-bushwick-2br-no-fee/6917420229.html,96,bushwick
6896990347,67 Wall St,,1,81,2019-06-21 19:12,29.713342465225903,"[40.7056, -74.0083]",True,True,Heart of FiDi---Oversized Windows---Priced to Move!,10005-3100,$3125,6839096007,R,100.0,https://newyork.craigslist.org/mnh/abo/d/new-york-city-heart-of-fidi-oversized/6896990347.html,100,Financial District
6896990347,67 Wall St,,1,81,2019-06-21 19:12,29.713342465225903,"[40.7056, -74.0083]",True,True,Heart of FiDi---Oversized Windows---Priced to Move!,10005-3100,$3125,6839096007,R,,https://newyork.craigslist.org/mnh/abo/d/new-york-city-heart-of-fidi-oversized/6896990347.html,100,Financial District
6917479527,240 E 78th St,,1,85,2019-06-21 19:33,122.9865947203062,"[40.773, -73.9566]",False,True,Comfortable 1 bedroom at studio price in Elevator Building,10075-2002,$2400,4436692349,R,,https://newyork.craigslist.org/mnh/abo/d/comfortable-1-bedroom-at-studio-price/6917479527.html,99,Upper East Side
6917479527,240 E 78th St,,1,85,2019-06-21 19:33,122.9865947203062,"[40.773, -73.9566]",False,True,Comfortable 1 bedroom at studio price in Elevator Building,10075-2002,$2400,4436692349,R,,https://newyork.craigslist.org/mnh/abo/d/comfortable-1-bedroom-at-studio-price/6917479527.html,99,Upper East Side
6917479527,240 E 78th St,,1,85,2019-06-21 19:33,122.9865947203062,"[40.773, -73.9566]",False,True,Comfortable 1 bedroom at studio price in Elevator Building,10075-2002,$2400,4436692349,R,,https://newyork.craigslist.org/mnh/abo/d/comfortable-1-bedroom-at-studio-price/6917479527.html,99,Upper East Side
6911670462,3120 Thomson Ave,,1,75,2019-06-21 20:13,103.99006128740783,"[40.7446, -73.9345]",True,True,LONG ISLAND CITY LIC BRAND NEW LUXURY HI RISE 1BD  AMENITIES NO FEE,11101-3007,$3447,6891791688,R,100.0,https://newyork.craigslist.org/brk/abo/d/long-island-city-long-island-city-lic/6911670462.html,90,
6911670462,3120 Thomson Ave,,1,75,2019-06-21 20:13,103.99006128740783,"[40.7446, -73.9345]",True,True,LONG ISLAND CITY LIC BRAND NEW LUXURY HI RISE 1BD  AMENITIES NO FEE,11101-3007,$3447,6891791688,R,100.0,https://newyork.craigslist.org/brk/abo/d/long-island-city-long-island-city-lic/6911670462.html,90,
6917532370,1300 Putnam Ave,,3,89,2019-06-21 20:32,0.0,"[40.695115, -73.91186]",True,True,Beautiful renovated 3 Bedroom apartment,11237-6006,$2525,,R,100.0,https://newyork.craigslist.org/brk/abo/d/brooklyn-beautiful-renovated-3-bedroom/6917532370.html,92,Bushwick
6917532370,1300 Putnam Ave,,3,89,2019-06-21 20:32,0.0,"[40.695115, -73.91186]",True,True,Beautiful renovated 3 Bedroom apartment,11237-6006,$2525,,R,100.0,https://newyork.craigslist.org/brk/abo/d/brooklyn-beautiful-renovated-3-bedroom/6917532370.html,92,Bushwick
6917532370,1300 Putnam Ave,,3,89,2019-06-21 20:32,0.0,"[40.695115, -73.91186]",True,True,Beautiful renovated 3 Bedroom apartment,11237-6006,$2525,,R,100.0,https://newyork.craigslist.org/brk/abo/d/brooklyn-beautiful-renovated-3-bedroom/6917532370.html,92,Bushwick
6915434905,94 Fordham St,700ft2,1,56,2019-06-21 20:53,111.67402888956437,"[40.8469, -73.7874]",True,True,1 BEDROOM APT,10464-1407,$1600,6900441983,R,37.0,https://newyork.craigslist.org/brx/abo/d/bronx-1-bedroom-apt/6915434905.html,61,"CITY ISLAND , BRONX"
6915434905,94 Fordham St,700ft2,1,56,2019-06-21 20:53,111.67402888956437,"[40.8469, -73.7874]",True,True,1 BEDROOM APT,10464-1407,$1600,6900441983,R,37.0,https://newyork.craigslist.org/brx/abo/d/bronx-1-bedroom-apt/6915434905.html,61,"CITY ISLAND , BRONX"
6917553593,151 Franklin Ave,,3,91,2019-06-21 21:13,0.8323670369476088,"[40.694366, -73.957997]",True,True,Sweet 3 bed 2 bath in Prime Clinton Hill,11205-2703,$3499,,L,89.0,https://newyork.craigslist.org/brk/abo/d/brooklyn-sweet-3-bed-2-bath-in-prime/6917553593.html,93,Clinton Hill
6917553593,151 Franklin Ave,,3,91,2019-06-21 21:13,0.8323670369476088,"[40.694366, -73.957997]",True,True,Sweet 3 bed 2 bath in Prime Clinton Hill,11205-2703,$3499,,L,89.0,https://newyork.craigslist.org/brk/abo/d/brooklyn-sweet-3-bed-2-bath-in-prime/6917553593.html,93,Clinton Hill
6917541163,1583 Broadway,,1,70,2019-06-21 21:33,1.5770073180866802,"[40.685645, -73.91529]",True,True,Brand New Luxury _~_~ 1BR + Elevator/Gym/Laundry,11207-1002,$2475,,L,100.0,https://newyork.craigslist.org/brk/abo/d/brooklyn-brand-new-luxury-1br-elevator/6917541163.html,95,Bushwick
6917541163,1583 Broadway,,1,70,2019-06-21 21:33,1.5770073180866802,"[40.685645, -73.91529]",True,True,Brand New Luxury _~_~ 1BR + Elevator/Gym/Laundry,11207-1002,$2475,,L,100.0,https://newyork.craigslist.org/brk/abo/d/brooklyn-brand-new-luxury-1br-elevator/6917541163.html,95,Bushwick
6917541163,1583 Broadway,,1,70,2019-06-21 21:33,1.5770073180866802,"[40.685645, -73.91529]",True,True,Brand New Luxury _~_~ 1BR + Elevator/Gym/Laundry,11207-1002,$2475,,L,100.0,https://newyork.craigslist.org/brk/abo/d/brooklyn-brand-new-luxury-1br-elevator/6917541163.html,95,Bushwick
6895832044,14 Linden Pl,740ft2,1,65,2019-06-21 21:52,81.22465278646109,"[41.0602, -73.5445]",True,True,Great 1 Bedroom near the Fairway and Metro North! Call now!!,06902-2305,$2070,,L,,https://newyork.craigslist.org/fct/abo/d/stamford-great-1-bedroom-near-the/6895832044.html,88,
6895832044,14 Linden Pl,740ft2,1,65,2019-06-21 21:52,81.22465278646109,"[41.0602, -73.5445]",True,True,Great 1 Bedroom near the Fairway and Metro North! Call now!!,06902-2305,$2070,,L,,https://newyork.craigslist.org/fct/abo/d/stamford-great-1-bedroom-near-the/6895832044.html,88,
6896301675,17 Stuyvesant Ave,,3,80,2019-06-21 22:12,0.0,"[40.695554, -73.934558]",True,True,★3BED/1BA - Laundry/Microwave/Dishwasher/SS-Appliances/Rooftop,11221-2406,$2999,,L,98.0,https://newyork.craigslist.org/brk/abo/d/brooklyn-3bed-1ba-laundry-microwave/6896301675.html,97,✩✩✩BedStuy J/M✩✩✩
6896301675,17 Stuyvesant Ave,,3,80,2019-06-21 22:12,0.0,"[40.695554, -73.934558]",True,True,★3BED/1BA - Laundry/Microwave/Dishwasher/SS-Appliances/Rooftop,11221-2406,$2999,,L,98.0,https://newyork.craigslist.org/brk/abo/d/brooklyn-3bed-1ba-laundry-microwave/6896301675.html,97,✩✩✩BedStuy J/M✩✩✩
6917596283,3182 37th St,,1,81,2019-06-21 22:32,54.54173922165211,"[40.760196, -73.920479]",True,True,Beautiful Street view@Brdwy37st,11103-3933,$1698,,R,100.0,https://newyork.craigslist.org/que/abo/d/astoria-beautiful-street-viewbrdwy37st/6917596283.html,98,Astoria
6917596283,3182 37th St,,1,81,2019-06-21 22:32,54.54173922165211,"[40.760196, -73.920479]",True,True,Beautiful Street view@Brdwy37st,11103-3933,$1698,,R,100.0,https://newyork.craigslist.org/que/abo/d/astoria-beautiful-street-viewbrdwy37st/6917596283.html,98,Astoria
6917596283,3182 37th St,,1,81,2019-06-21 22:32,54.54173922165211,"[40.760196, -73.920479]",True,True,Beautiful Street view@Brdwy37st,11103-3933,$1698,,R,100.0,https://newyork.craigslist.org/que/abo/d/astoria-beautiful-street-viewbrdwy37st/6917596283.html,98,Astoria
6917598627,Flatbush Avenue Ext,,2,91,2019-06-21 22:52,57.89908535878464,"[40.695401, -73.984179]",True,True,Beautiful modern apt in ideal location && no fee!,11201,$3600,,R,100.0,https://newyork.craigslist.org/brk/abo/d/brooklyn-beautiful-modern-apt-in-ideal/6917598627.html,98,Downtown Brooklyn
6917598627,Flatbush Avenue Ext,,2,91,2019-06-21 22:52,57.89908535878464,"[40.695401, -73.984179]",True,True,Beautiful modern apt in ideal location && no fee!,11201,$3600,,R,100.0,https://newyork.craigslist.org/brk/abo/d/brooklyn-beautiful-modern-apt-in-ideal/6917598627.html,98,Downtown Brooklyn
6917611377,427 Rogers Ave,,1,86,2019-06-21 23:12,0.0,"[40.662174, -73.9537]",True,True,"Two  bedrooms, one with access to a balcony, semi-detached kitchen",11225-3420,$2099,,L,100.0,https://newyork.craigslist.org/brk/abo/d/brooklyn-two-bedrooms-one-with-access/6917611377.html,95,PLG: Prospect Lefferts Gardens
6917611377,427 Rogers Ave,,1,86,2019-06-21 23:12,0.0,"[40.662174, -73.9537]",True,True,"Two  bedrooms, one with access to a balcony, semi-detached kitchen",11225-3420,$2099,,L,100.0,https://newyork.craigslist.org/brk/abo/d/brooklyn-two-bedrooms-one-with-access/6917611377.html,95,PLG: Prospect Lefferts Gardens
6917633573,1967 Bedford Ave,,2,83,2019-06-21 23:32,0.0,"[40.656711, -73.956478]",True,True,HUGE 2 Bedroom apartment with extra large open concept living room,11225-5788,$2539,,L,100.0,https://newyork.craigslist.org/brk/abo/d/brooklyn-huge-2-bedroom-apartment-with/6917633573.html,94,Prospect Lefferts Gardens
6917633573,1967 Bedford Ave,,2,83,2019-06-21 23:32,0.0,"[40.656711, -73.956478]",True,True,HUGE 2 Bedroom apartment with extra large open concept living room,11225-5788,$2539,,L,100.0,https://newyork.craigslist.org/brk/abo/d/brooklyn-huge-2-bedroom-apartment-with/6917633573.html,94,Prospect Lefferts Gardens
6917633573,1967 Bedford Ave,,2,83,2019-06-21 23:32,0.0,"[40.656711, -73.956478]",True,True,HUGE 2 Bedroom apartment with extra large open concept living room,11225-5788,$2539,,L,100.0,https://newyork.craigslist.org/brk/abo/d/brooklyn-huge-2-bedroom-apartment-with/6917633573.html,94,Prospect Lefferts Gardens
6914573151,4118 210th St,700ft2,1,59,2019-06-21 23:53,53.852914808255875,"[40.7627, -73.7745]",True,True,"1 BEDROOM,2 1/2 ROOM APT. MOVE IN JULY 1",11361-2756,$1100,6911748862,R,69.0,https://newyork.craigslist.org/que/abo/d/bayside-1-bedroom2-1-2-room-apt-move-in/6914573151.html,86,Bayside
6914573151,4118 210th St,700ft2,1,59,2019-06-21 23:53,53.852914808255875,"[40.7627, -73.7745]",True,True,"1 BEDROOM,2 1/2 ROOM APT. MOVE IN JULY 1",11361-2756,$1100,6911748862,R,69.0,https://newyork.craigslist.org/que/abo/d/bayside-1-bedroom2-1-2-room-apt-move-in/6914573151.html,86,Bayside
6917641498,367 Maguire Ave,540ft2,1,60,2019-06-22 00:11,0.0,"[40.5352, -74.2116]",True,True,One-bed appartment,10309,$1300,6739461192,R,42.0,https://newyork.craigslist.org/stn/abo/d/staten-island-one-bed-appartment/6917641498.html,30,Prince's Bay
6917641498,367 Maguire Ave,540ft2,1,60,2019-06-22 00:11,0.0,"[40.5352, -74.2116]",True,True,One-bed appartment,10309,$1300,6739461192,R,42.0,https://newyork.craigslist.org/stn/abo/d/staten-island-one-bed-appartment/6917641498.html,30,Prince's Bay
6917633396,165 Spencer St,,3,89,2019-06-22 00:31,0.17255103642745045,"[40.693102, -73.95488]",True,True,Huge 3 bedroom apartment with hardwood floors,11205-3930,$3000,,L,91.0,https://newyork.craigslist.org/brk/abo/d/brooklyn-huge-3-bedroom-apartment-with/6917633396.html,95,Bed-Stuy
6917633396,165 Spencer St,,3,89,2019-06-22 00:31,0.17255103642745045,"[40.693102, -73.95488]",True,True,Huge 3 bedroom apartment with hardwood floors,11205-3930,$3000,,L,91.0,https://newyork.craigslist.org/brk/abo/d/brooklyn-huge-3-bedroom-apartment-with/6917633396.html,95,Bed-Stuy
6917633396,165 Spencer St,,3,89,2019-06-22 00:31,0.17255103642745045,"[40.693102, -73.95488]",True,True,Huge 3 bedroom apartment with hardwood floors,11205-3930,$3000,,L,91.0,https://newyork.craigslist.org/brk/abo/d/brooklyn-huge-3-bedroom-apartment-with/6917633396.html,95,Bed-Stuy
6913769135,12003 Liberty Ave,,,58,2019-06-22 00:52,30.075313704155093,"[40.6868, -73.823]",False,True,One bedroom apartment,11419-2117,$1150,,L,81.0,https://newyork.craigslist.org/que/abo/d/south-richmond-hill-one-bedroom/6913769135.html,91,Richmond hill/ ozone park
6913769135,12003 Liberty Ave,,,58,2019-06-22 00:52,30.075313704155093,"[40.6868, -73.823]",False,True,One bedroom apartment,11419-2117,$1150,,L,81.0,https://newyork.craigslist.org/que/abo/d/south-richmond-hill-one-bedroom/6913769135.html,91,Richmond hill/ ozone park
6917658597,1919 Hazen St,1125ft2,,58,2019-06-22 01:10,32.21037829874477,"[40.773365, -73.892498]",False,True,Beautiful 2 bedroom apartment,11370-1210,$2700,,L,71.0,https://newyork.craigslist.org/que/abo/d/east-elmhurst-beautiful-2-bedroom/6917658597.html,71,East Elmhurst
6917658597,1919 Hazen St,1125ft2,,58,2019-06-22 01:10,32.21037829874477,"[40.773365, -73.892498]",False,True,Beautiful 2 bedroom apartment,11370-1210,$2700,,L,71.0,https://newyork.craigslist.org/que/abo/d/east-elmhurst-beautiful-2-bedroom/6917658597.html,71,East Elmhurst
6917673681,7 Holly Cove Cir,300ft2,1,56,2019-06-22 01:31,30.1353449732844,"[41.056746, -73.505171]",True,True,Beach Studio - on water near Stamford Cove Beach,06902-3542,$1200,4691927577,L,,https://newyork.craigslist.org/fct/abo/d/beach-studio-on-water-near-stamford/6917673681.html,36,Stamford
6917673681,7 Holly Cove Cir,300ft2,1,56,2019-06-22 01:31,30.1353449732844,"[41.056746, -73.505171]",True,True,Beach Studio - on water near Stamford Cove Beach,06902-3542,$1200,4691927577,L,,https://newyork.craigslist.org/fct/abo/d/beach-studio-on-water-near-stamford/6917673681.html,36,Stamford
6917673681,7 Holly Cove Cir,300ft2,1,56,2019-06-22 01:31,30.1353449732844,"[41.056746, -73.505171]",True,True,Beach Studio - on water near Stamford Cove Beach,06902-3542,$1200,4691927577,L,,https://newyork.craigslist.org/fct/abo/d/beach-studio-on-water-near-stamford/6917673681.html,36,Stamford
6917677106,1723 Bergen St,,3,82,2019-06-22 01:50,0.17282296048554494,"[40.674736, -73.924996]",True,True,"Gorgeous, sunny 3br duplex 2 large bedrooms",11233,$2718,,L,100.0,https://newyork.craigslist.org/brk/abo/d/brooklyn-gorgeous-sunny-3br-duplex-2/6917677106.html,93,Crown Heights
6917677106,1723 Bergen St,,3,82,2019-06-22 01:50,0.17282296048554494,"[40.674736, -73.924996]",True,True,"Gorgeous, sunny 3br duplex 2 large bedrooms",11233,$2718,,L,100.0,https://newyork.craigslist.org/brk/abo/d/brooklyn-gorgeous-sunny-3br-duplex-2/6917677106.html,93,Crown Heights
6917674970,3 Hopkins St,,2,79,2019-06-22 02:07,1.113226839718076,"[40.699374, -73.947105]",True,True,Oversized bedrooms with  great closets,11206-5009,$2500,,L,100.0,https://newyork.craigslist.org/brk/abo/d/brooklyn-oversized-bedrooms-with-great/6917674970.html,94,Bed-Stuy
6917674970,3 Hopkins St,,2,79,2019-06-22 02:07,1.113226839718076,"[40.699374, -73.947105]",True,True,Oversized bedrooms with  great closets,11206-5009,$2500,,L,100.0,https://newyork.craigslist.org/brk/abo/d/brooklyn-oversized-bedrooms-with-great/6917674970.html,94,Bed-Stuy
6917673762,1950 Ralph Ave,,3,66,2019-06-22 02:32,30.60947718701012,"[40.6784, -73.9211]",True,True,Full   3 nice size bedrooms,11233,$2849,,L,100.0,https://newyork.craigslist.org/brk/abo/d/brooklyn-full-3-nice-size-bedrooms/6917673762.html,91,Bed-Stuy
6917673762,1950 Ralph Ave,,3,66,2019-06-22 02:32,30.60947718701012,"[40.6784, -73.9211]",True,True,Full   3 nice size bedrooms,11233,$2849,,L,100.0,https://newyork.craigslist.org/brk/abo/d/brooklyn-full-3-nice-size-bedrooms/6917673762.html,91,Bed-Stuy
6917673762,1950 Ralph Ave,,3,66,2019-06-22 02:32,30.60947718701012,"[40.6784, -73.9211]",True,True,Full   3 nice size bedrooms,11233,$2849,,L,100.0,https://newyork.craigslist.org/brk/abo/d/brooklyn-full-3-nice-size-bedrooms/6917673762.html,91,Bed-Stuy
6917687540,71 Manhattan Ave,,1,76,2019-06-22 02:53,1.0726947680262777,"[40.79672, -73.962885]",True,True,"Month-to-month, furnished apartments now available",10025,$1712,,L,100.0,https://newyork.craigslist.org/mnh/abo/d/new-york-city-month-to-month-furnished/6917687540.html,97,Upper West Side
6917687540,71 Manhattan Ave,,1,76,2019-06-22 02:53,1.0726947680262777,"[40.79672, -73.962885]",True,True,"Month-to-month, furnished apartments now available",10025,$1712,,L,100.0,https://newyork.craigslist.org/mnh/abo/d/new-york-city-month-to-month-furnished/6917687540.html,97,Upper West Side
6913738334,1184 Gates Ave,,2,83,2019-06-22 03:11,23.14428145414889,"[40.692002, -73.919603]",True,True,Sweet Deal in Brooklyn,11221-4647,$2600,,R,98.0,https://newyork.craigslist.org/brk/abo/d/brooklyn-sweet-deal-in-brooklyn/6913738334.html,93,Bushwick
6913738334,1184 Gates Ave,,2,83,2019-06-22 03:11,23.14428145414889,"[40.692002, -73.919603]",True,True,Sweet Deal in Brooklyn,11221-4647,$2600,,R,98.0,https://newyork.craigslist.org/brk/abo/d/brooklyn-sweet-deal-in-brooklyn/6913738334.html,93,Bushwick
6905503171,14 Linden Pl,789ft2,1,65,2019-06-22 03:29,81.22465278646109,"[41.0602, -73.5445]",True,True,"Amazing 1BR W/ Pool Views, Washer-Dryer, BBQ, Gym & More STAMFORD!!",06902-2305,$2433,,L,,https://newyork.craigslist.org/fct/abo/d/stamford-amazing-1br-pool-views-washer/6905503171.html,88,Stamford
6905503171,14 Linden Pl,789ft2,1,65,2019-06-22 03:29,81.22465278646109,"[41.0602, -73.5445]",True,True,"Amazing 1BR W/ Pool Views, Washer-Dryer, BBQ, Gym & More STAMFORD!!",06902-2305,$2433,,L,,https://newyork.craigslist.org/fct/abo/d/stamford-amazing-1br-pool-views-washer/6905503171.html,88,Stamford
6905503171,14 Linden Pl,789ft2,1,65,2019-06-22 03:29,81.22465278646109,"[41.0602, -73.5445]",True,True,"Amazing 1BR W/ Pool Views, Washer-Dryer, BBQ, Gym & More STAMFORD!!",06902-2305,$2433,,L,,https://newyork.craigslist.org/fct/abo/d/stamford-amazing-1br-pool-views-washer/6905503171.html,88,Stamford
6917704439,543 Franklin Ave,500ft2,,91,2019-06-22 03:46,0.0,"[40.680195, -73.955486]",True,True,4th floor Studio on Lefferts Place & Classon - Sat @ 1pm,11238-2905,$1600,6414671386,L,,https://newyork.craigslist.org/brk/abo/d/brooklyn-4th-floor-studio-on-lefferts/6917704439.html,98,Clinton Hill
6917704439,543 Franklin Ave,500ft2,,91,2019-06-22 03:46,0.0,"[40.680195, -73.955486]",True,True,4th floor Studio on Lefferts Place & Classon - Sat @ 1pm,11238-2905,$1600,6414671386,L,,https://newyork.craigslist.org/brk/abo/d/brooklyn-4th-floor-studio-on-lefferts/6917704439.html,98,Clinton Hill
6917702631,967 Park Pl,,,92,2019-06-22 04:11,73.65431172722127,"[40.673152, -73.945284]",True,True,Large Rooms in Beautiful Brownstone Light & Gas Included,11213-1802,$900,4768622568,L,,https://newyork.craigslist.org/brk/abo/d/large-rooms-in-beautiful-brownstone/6917702631.html,96,crown heights
6917702631,967 Park Pl,,,92,2019-06-22 04:11,73.65431172722127,"[40.673152, -73.945284]",True,True,Large Rooms in Beautiful Brownstone Light & Gas Included,11213-1802,$900,4768622568,L,,https://newyork.craigslist.org/brk/abo/d/large-rooms-in-beautiful-brownstone/6917702631.html,96,crown heights
6917698315,2 Starr St,,2,91,2019-06-22 04:32,0.0,"[40.699861, -73.928283]",True,True,These giant 2 bedroom apartments feature stainless steel,11221-2706,$3200,,R,,https://newyork.craigslist.org/brk/abo/d/brooklyn-these-giant-2-bedroom/6917698315.html,97,Bushwick
6917698315,2 Starr St,,2,91,2019-06-22 04:32,0.0,"[40.699861, -73.928283]",True,True,These giant 2 bedroom apartments feature stainless steel,11221-2706,$3200,,R,,https://newyork.craigslist.org/brk/abo/d/brooklyn-these-giant-2-bedroom/6917698315.html,97,Bushwick
6917698315,2 Starr St,,2,91,2019-06-22 04:32,0.0,"[40.699861, -73.928283]",True,True,These giant 2 bedroom apartments feature stainless steel,11221-2706,$3200,,R,,https://newyork.craigslist.org/brk/abo/d/brooklyn-these-giant-2-bedroom/6917698315.html,97,Bushwick
6917700342,8310 35th Ave,,1,74,2019-06-22 04:48,27.941126269507105,"[40.7513, -73.883]",True,True,Top Floor Newly Renovated 1 bedroom apartment,11372-5313,$709,,R,,https://newyork.craigslist.org/que/abo/d/jackson-heights-top-floor-newly/6917700342.html,99,Jackson Heights
6917700342,8310 35th Ave,,1,74,2019-06-22 04:48,27.941126269507105,"[40.7513, -73.883]",True,True,Top Floor Newly Renovated 1 bedroom apartment,11372-5313,$709,,R,,https://newyork.craigslist.org/que/abo/d/jackson-heights-top-floor-newly/6917700342.html,99,Jackson Heights
6917711743,801 Bronx River Rd,1000ft2,1,47,2019-06-22 05:11,289.5171363583525,"[40.926224, -73.844776]",True,True,Spacious and clean 1 bedroom in Elevator building,10708-7058,$1695,,L,,https://newyork.craigslist.org/wch/abo/d/mount-vernon-spacious-and-clean-1/6917711743.html,67,Bronxville
6917703456,247 Irving Ave,,2,87,2019-06-22 05:22,42.77182633113784,"[40.700311, -73.91665]",True,True,Fantastic 2 Bed,11237-5202,$2300,,L,,https://newyork.craigslist.org/brk/abo/d/brooklyn-fantastic-2-bed/6917703456.html,99,Bushwick
6917703456,247 Irving Ave,,2,87,2019-06-22 05:22,42.77182633113784,"[40.700311, -73.91665]",True,True,Fantastic 2 Bed,11237-5202,$2300,,L,,https://newyork.craigslist.org/brk/abo/d/brooklyn-fantastic-2-bed/6917703456.html,99,Bushwick
6917703456,247 Irving Ave,,2,87,2019-06-22 05:22,42.77182633113784,"[40.700311, -73.91665]",True,True,Fantastic 2 Bed,11237-5202,$2300,,L,,https://newyork.craigslist.org/brk/abo/d/brooklyn-fantastic-2-bed/6917703456.html,99,Bushwick
6905503147,14 Linden Pl,785ft2,1,65,2019-06-22 05:45,81.22465278646109,"[41.0602, -73.5445]",True,True,"Beautiful 1BR W/Washer-Dryer, BBQ, Pool, Gym, Clubroom & More STAMFORD",06902-2305,$2369,,L,,https://newyork.craigslist.org/fct/abo/d/stamford-beautiful-1br-washer-dryer-bbq/6905503147.html,88,Stamford
6905503147,14 Linden Pl,785ft2,1,65,2019-06-22 05:45,81.22465278646109,"[41.0602, -73.5445]",True,True,"Beautiful 1BR W/Washer-Dryer, BBQ, Pool, Gym, Clubroom & More STAMFORD",06902-2305,$2369,,L,,https://newyork.craigslist.org/fct/abo/d/stamford-beautiful-1br-washer-dryer-bbq/6905503147.html,88,Stamford
6905057321,Martine Ave,,1,63,2019-06-22 06:13,4.326161229546771,"[41.03038, -73.774053]",False,True,"Fully furnished 1bed, 1 bath at the Seasons!",10606,$2695,6883257424,R,,https://newyork.craigslist.org/wch/abo/d/white-plains-fully-furnished-1bed-1/6905057321.html,84,"Martine Ave., White Plains, NY"
6905057321,Martine Ave,,1,63,2019-06-22 06:13,4.326161229546771,"[41.03038, -73.774053]",False,True,"Fully furnished 1bed, 1 bath at the Seasons!",10606,$2695,6883257424,R,,https://newyork.craigslist.org/wch/abo/d/white-plains-fully-furnished-1bed-1/6905057321.html,84,"Martine Ave., White Plains, NY"
6917708623,454 Boulevard,,,58,2019-06-22 06:24,31.04322954937924,"[40.6759, -74.2944]",False,True,"Fantastic! $700, 2bd, 1 bath",07033-1650,$700,6875856275,L,,https://newyork.craigslist.org/jsy/abo/d/kenilworth-fantastic-700-2bd-1-bath/6917708623.html,81,Cranford
6917708623,454 Boulevard,,,58,2019-06-22 06:24,31.04322954937924,"[40.6759, -74.2944]",False,True,"Fantastic! $700, 2bd, 1 bath",07033-1650,$700,6875856275,L,,https://newyork.craigslist.org/jsy/abo/d/kenilworth-fantastic-700-2bd-1-bath/6917708623.html,81,Cranford
6917708623,454 Boulevard,,,58,2019-06-22 06:24,31.04322954937924,"[40.6759, -74.2944]",False,True,"Fantastic! $700, 2bd, 1 bath",07033-1650,$700,6875856275,L,,https://newyork.craigslist.org/jsy/abo/d/kenilworth-fantastic-700-2bd-1-bath/6917708623.html,81,Cranford
6917722703,2202 31st St,,3,77,2019-06-22 06:47,20.808217505984747,"[40.7763, -73.911]",True,True,"""SPACIOUS 2ND FL. 3 BR - PLUS BONUS OFFICE - PARKING SEPARATE CHARGE""",11105-2714,$3000,,R,,https://newyork.craigslist.org/que/abo/d/astoria-spacious-2nd-fl-3-br-plus-bonus/6917722703.html,97,ASTORIA
6917722703,2202 31st St,,3,77,2019-06-22 06:47,20.808217505984747,"[40.7763, -73.911]",True,True,"""SPACIOUS 2ND FL. 3 BR - PLUS BONUS OFFICE - PARKING SEPARATE CHARGE""",11105-2714,$3000,,R,,https://newyork.craigslist.org/que/abo/d/astoria-spacious-2nd-fl-3-br-plus-bonus/6917722703.html,97,ASTORIA
6917727121,Martine Ave,,1,63,2019-06-22 07:11,4.326161229546771,"[41.03038, -73.774053]",False,True,"Fully furnished 1bed, 1 bath at the Seasons!",10606,$2695,6883257424,R,,https://newyork.craigslist.org/wch/abo/d/white-plains-fully-furnished-1bed-1/6917727121.html,84,"Martine Ave., White Plains, NY"
6917727121,Martine Ave,,1,63,2019-06-22 07:11,4.326161229546771,"[41.03038, -73.774053]",False,True,"Fully furnished 1bed, 1 bath at the Seasons!",10606,$2695,6883257424,R,,https://newyork.craigslist.org/wch/abo/d/white-plains-fully-furnished-1bed-1/6917727121.html,84,"Martine Ave., White Plains, NY"
6917731587,79 Hollywood Ave,1900ft2,3,67,2019-06-22 07:30,48.14738932519633,"[40.9569, -73.8198]",False,True,Attractive price change! 3bed/2bath !!,10707-2335,$3800,,L,,https://newyork.craigslist.org/wch/abo/d/tuckahoe-attractive-price-change-3bed/6917731587.html,59,Tuckahoe (Eastchester Schools)
6917731587,79 Hollywood Ave,1900ft2,3,67,2019-06-22 07:30,48.14738932519633,"[40.9569, -73.8198]",False,True,Attractive price change! 3bed/2bath !!,10707-2335,$3800,,L,,https://newyork.craigslist.org/wch/abo/d/tuckahoe-attractive-price-change-3bed/6917731587.html,59,Tuckahoe (Eastchester Schools)
6917731587,79 Hollywood Ave,1900ft2,3,67,2019-06-22 07:30,48.14738932519633,"[40.9569, -73.8198]",False,True,Attractive price change! 3bed/2bath !!,10707-2335,$3800,,L,,https://newyork.craigslist.org/wch/abo/d/tuckahoe-attractive-price-change-3bed/6917731587.html,59,Tuckahoe (Eastchester Schools)
6895433725,423 Bloomfield Ave,1234ft2,2,54,2019-06-22 07:51,66.07612690606202,"[40.8131, -74.2165]",True,True,2 bedroom 2 full bath /NO BROKER FEES-Swimming Pool/Concierge service,07042-3505,$3175,,R,,https://newyork.craigslist.org/jsy/abo/d/montclair-2-bedroom-2-full-bath-no/6895433725.html,96,Montclair
6895433725,423 Bloomfield Ave,1234ft2,2,54,2019-06-22 07:51,66.07612690606202,"[40.8131, -74.2165]",True,True,2 bedroom 2 full bath /NO BROKER FEES-Swimming Pool/Concierge service,07042-3505,$3175,,R,,https://newyork.craigslist.org/jsy/abo/d/montclair-2-bedroom-2-full-bath-no/6895433725.html,96,Montclair
6917744090,8644 54th Ave,,,77,2019-06-22 08:12,21.798454588311845,"[40.7351, -73.8776]",True,True,Studio for rent,11373-4335,$1800,6902629575,R,,https://newyork.craigslist.org/que/abo/d/elmhurst-studio-for-rent/6917744090.html,96,Elmhurst
6917744090,8644 54th Ave,,,77,2019-06-22 08:12,21.798454588311845,"[40.7351, -73.8776]",True,True,Studio for rent,11373-4335,$1800,6902629575,R,,https://newyork.craigslist.org/que/abo/d/elmhurst-studio-for-rent/6917744090.html,96,Elmhurst
6899763631,63 Bank St,1065ft2,2,64,2019-06-22 08:33,227.0132109029908,"[41.028446, -73.774604]",True,True,CHOOSE A BETTER WAY TO LIVE - 33 mins. to GCS - LOOK!,10606-1902,$3900,6775359474,R,,https://newyork.craigslist.org/wch/abo/d/white-plains-choose-better-way-to-live/6899763631.html,82,White Plains
6899763631,63 Bank St,1065ft2,2,64,2019-06-22 08:33,227.0132109029908,"[41.028446, -73.774604]",True,True,CHOOSE A BETTER WAY TO LIVE - 33 mins. to GCS - LOOK!,10606-1902,$3900,6775359474,R,,https://newyork.craigslist.org/wch/abo/d/white-plains-choose-better-way-to-live/6899763631.html,82,White Plains
6899763631,63 Bank St,1065ft2,2,64,2019-06-22 08:33,227.0132109029908,"[41.028446, -73.774604]",True,True,CHOOSE A BETTER WAY TO LIVE - 33 mins. to GCS - LOOK!,10606-1902,$3900,6775359474,R,,https://newyork.craigslist.org/wch/abo/d/white-plains-choose-better-way-to-live/6899763631.html,82,White Plains
6917723791,6534 Thornton Pl,850ft2,1,65,2019-06-22 08:49,27.607746047767613,"[40.723423, -73.857992]",True,True,About 66-15 Thornton Place,11374-5144,$800,,R,,https://newyork.craigslist.org/que/abo/d/rego-park-about-thornton-place/6917723791.html,85,RegoPark
6917723791,6534 Thornton Pl,850ft2,1,65,2019-06-22 08:49,27.607746047767613,"[40.723423, -73.857992]",True,True,About 66-15 Thornton Place,11374-5144,$800,,R,,https://newyork.craigslist.org/que/abo/d/rego-park-about-thornton-place/6917723791.html,85,RegoPark
6917742990,44 Algonquin Trl,690ft2,1,9,2019-06-22 09:13,71.82319684144869,"[41.425608, -73.217375]",False,True,WELL MAINTAINED ENERGY EFFICIENT RANCH,06482-1436,$1375,4905189106,R,,https://newyork.craigslist.org/fct/abo/d/well-maintained-energy-efficient-ranch/6917742990.html,2,"Sandy Hook, CT."
6917742990,44 Algonquin Trl,690ft2,1,9,2019-06-22 09:13,71.82319684144869,"[41.425608, -73.217375]",False,True,WELL MAINTAINED ENERGY EFFICIENT RANCH,06482-1436,$1375,4905189106,R,,https://newyork.craigslist.org/fct/abo/d/well-maintained-energy-efficient-ranch/6917742990.html,2,"Sandy Hook, CT."
6917775799,Governor John Davis Lodge Tpke,1500ft2,4,65,2019-06-22 09:33,,"[41.1668, -73.2163]",True,True,### Newly Renovated - West End. Rent or Rent To Own,06605,$2000,6893802204,R,,https://newyork.craigslist.org/fct/abo/d/bridgeport-newly-renovated-west-end/6917775799.html,73,Bridgeport
6917811146,13 Broad St,,1,82,2019-06-22 10:13,28.99202555414934,"[40.706487, -74.011061]",True,True,20 Broad Street - Marvelous FiDi High Floor 1 Bedroom / 1 MONTH FREE,10005-1908,$3945,6718273939,L,,https://newyork.craigslist.org/mnh/nfb/d/new-york-city-20-broad-street-marvelous/6917811146.html,98,Financial District
6917811146,13 Broad St,,1,82,2019-06-22 10:13,28.99202555414934,"[40.706487, -74.011061]",True,True,20 Broad Street - Marvelous FiDi High Floor 1 Bedroom / 1 MONTH FREE,10005-1908,$3945,6718273939,L,,https://newyork.craigslist.org/mnh/nfb/d/new-york-city-20-broad-street-marvelous/6917811146.html,98,Financial District
6917774731,1207 Decatur St,,1,74,2019-06-22 10:33,111.61593439006434,"[40.689033, -73.907287]",True,True,Huge windows throughout - Lots of natural sunlight -Large open kitchen,11207-1312,$2000,,L,,https://newyork.craigslist.org/brk/abo/d/brooklyn-huge-windows-throughout-lots/6917774731.html,87,Bushwick
6917841582,Kings Hwy,,2,79,2019-06-22 10:53,0.5238173565617379,"[40.65884, -73.920458]",True,True,2 BEDROOM IN NICE BUILDING!!! 95TH ST & 1ST AVE!!! ELEVATOR AND LAUNDR,11212,$2300,6914954555,R,,https://newyork.craigslist.org/mnh/fee/d/brooklyn-2-bedroom-in-nice-building/6917841582.html,91,Upper East Side
6917841582,Kings Hwy,,2,79,2019-06-22 10:53,0.5238173565617379,"[40.65884, -73.920458]",True,True,2 BEDROOM IN NICE BUILDING!!! 95TH ST & 1ST AVE!!! ELEVATOR AND LAUNDR,11212,$2300,6914954555,R,,https://newyork.craigslist.org/mnh/fee/d/brooklyn-2-bedroom-in-nice-building/6917841582.html,91,Upper East Side
6912796161,32 Buckout Rd,,1,7,2019-06-22 11:13,363.4160238794412,"[41.0592, -73.7395]",False,True,Pleasantville 495-3295,10604-1503,$1275,6766154779,R,,https://newyork.craigslist.org/wch/abo/d/west-harrison-pleasantville/6912796161.html,5,
6912796161,32 Buckout Rd,,1,7,2019-06-22 11:13,363.4160238794412,"[41.0592, -73.7395]",False,True,Pleasantville 495-3295,10604-1503,$1275,6766154779,R,,https://newyork.craigslist.org/wch/abo/d/west-harrison-pleasantville/6912796161.html,5,
6917886800,192 Kingsland Ave,,,70,2019-06-22 11:45,0.0,"[40.723365, -73.941273]",True,True,LARGE TRUE 2BR // NEAR MCGOLRICK PARK // SHARED BACKYARD,11222-5131,$2495,,R,,https://newyork.craigslist.org/brk/fee/d/brooklyn-large-true-2br-near-mcgolrick/6917886800.html,91,"Brooklyn, NY"
6911630248,28 Jefferson St,,2,82,2019-06-22 12:43,66.47892346900237,"[40.697833, -73.934405]",True,True,Bushwick -- Beautiful 2 Bedroom - W/D In Unit - NO FEE!,11206-6107,$2799,,R,,https://newyork.craigslist.org/brk/abo/d/brooklyn-bushwick-beautiful-2-bedroom-d/6911630248.html,97,Bushwick
6916188812,Flatbush Avenue Ext,,1,91,2019-06-22 13:45,57.89908535878464,"[40.695401, -73.984179]",True,True,"GIGANTIC, ☀ SUNNY☀  APT FOR 7/1 MOVE (no fee)",11201,$3000,,R,,https://newyork.craigslist.org/brk/abo/d/brooklyn-gigantic-sunny-apt-for-7-1/6916188812.html,98,Downtown Brooklyn
